digest,fixture,entries,implementation,operation,node_reads,read_bytes,node_emissions,emitted_bytes,new_nodes,new_bytes,allocated_bytes
SHA-256,ordinary,4096,current,fresh-build,0,0,134,191128,134,191128,959576
SHA-256,ordinary,4096,radix,fresh-build,0,0,275,202857,275,202857,1139136
SHA-256,ordinary,4096,current,delete-first,5,7391,5,7347,3,4784,56816
SHA-256,ordinary,4096,radix,delete-first,4,3292,4,3248,4,3248,31480
SHA-256,ordinary,4096,current,diff-delete-first,6,9612,0,0,0,0,44312
SHA-256,ordinary,4096,radix,diff-delete-first,8,6540,0,0,0,0,26000
SHA-256,ordinary,4096,current,delete-middle,5,8739,5,8695,3,6132,72768
SHA-256,ordinary,4096,radix,delete-middle,4,3336,4,3292,4,3292,31960
SHA-256,ordinary,4096,current,diff-delete-middle,6,12308,0,0,0,0,56016
SHA-256,ordinary,4096,radix,diff-delete-middle,8,6628,0,0,0,0,26448
SHA-256,ordinary,4096,current,delete-last,3,3100,2,2974,2,2974,23344
SHA-256,ordinary,4096,radix,delete-last,2,215,0,0,0,0,1240
SHA-256,ordinary,4096,current,diff-delete-last,5,6074,0,0,0,0,26952
SHA-256,ordinary,4096,radix,diff-delete-last,2,215,0,0,0,0,1456
SHA-256,ordinary,4096,current,replace-middle,5,8739,8,8983,6,6420,76024
SHA-256,ordinary,4096,radix,replace-middle,4,3336,4,3337,4,3337,32160
SHA-256,ordinary,4096,current,diff-replace-middle,9,12596,0,0,0,0,58824
SHA-256,ordinary,4096,radix,diff-replace-middle,8,6673,0,0,0,0,26784
SHA-256,ordinary,4096,current,insert-first,5,7391,5,7424,3,4861,57360
SHA-256,ordinary,4096,radix,insert-first,1,165,2,204,2,204,2944
SHA-256,ordinary,4096,current,diff-insert-first,6,9689,0,0,0,0,44792
SHA-256,ordinary,4096,radix,diff-insert-first,2,204,0,0,0,0,1424
SHA-256,ordinary,4096,current,get-middle,3,6176,0,0,0,0,15056
SHA-256,ordinary,4096,radix,get-middle,4,3336,0,0,0,0,11032
SHA-256,ordinary,4096,current,range-one,3,6176,0,0,0,0,15088
SHA-256,ordinary,4096,radix,range-one,4,3336,0,0,0,0,11488
SHA-256,ordinary,4096,current,range-half,5,12715,0,0,0,0,47256
SHA-256,ordinary,4096,radix,range-half,6,5277,0,0,0,0,21120
SHA-256,ordinary,16384,current,fresh-build,0,0,522,763608,522,763608,3817248
SHA-256,ordinary,16384,radix,fresh-build,0,0,1094,811143,1094,811143,4551048
SHA-256,ordinary,16384,current,delete-first,5,10267,5,10223,3,5392,77776
SHA-256,ordinary,16384,radix,delete-first,4,3520,4,3476,4,3476,33248
SHA-256,ordinary,16384,current,diff-delete-first,6,10828,0,0,0,0,49608
SHA-256,ordinary,16384,radix,diff-delete-first,8,6996,0,0,0,0,27600
SHA-256,ordinary,16384,current,delete-middle,5,12343,5,12299,3,7468,103464
SHA-256,ordinary,16384,radix,delete-middle,4,3564,4,3520,4,3520,33728
SHA-256,ordinary,16384,current,diff-delete-middle,6,14980,0,0,0,0,67976
SHA-256,ordinary,16384,radix,diff-delete-middle,8,7084,0,0,0,0,28048
SHA-256,ordinary,16384,current,delete-last,3,5976,3,5932,3,5932,45656
SHA-256,ordinary,16384,radix,delete-last,2,443,1,317,1,317,4200
SHA-256,ordinary,16384,current,diff-delete-last,6,11908,0,0,0,0,51848
SHA-256,ordinary,16384,radix,diff-delete-last,3,760,0,0,0,0,3512
SHA-256,ordinary,16384,current,replace-middle,5,12343,5,12344,3,7513,103664
SHA-256,ordinary,16384,radix,replace-middle,4,3564,4,3565,4,3565,34024
SHA-256,ordinary,16384,current,diff-replace-middle,6,15025,0,0,0,0,68208
SHA-256,ordinary,16384,radix,diff-replace-middle,8,7129,0,0,0,0,28384
SHA-256,ordinary,16384,current,insert-first,5,10267,5,10300,3,5469,78320
SHA-256,ordinary,16384,radix,insert-first,1,393,2,204,2,204,3744
SHA-256,ordinary,16384,current,diff-insert-first,6,10905,0,0,0,0,50088
SHA-256,ordinary,16384,radix,diff-insert-first,2,204,0,0,0,0,1424
SHA-256,ordinary,16384,current,get-middle,3,7512,0,0,0,0,16392
SHA-256,ordinary,16384,radix,get-middle,4,3564,0,0,0,0,11832
SHA-256,ordinary,16384,current,range-one,3,7512,0,0,0,0,16424
SHA-256,ordinary,16384,radix,range-one,4,3564,0,0,0,0,12288
SHA-256,ordinary,16384,current,range-half,5,17631,0,0,0,0,64800
SHA-256,ordinary,16384,radix,range-half,7,6735,0,0,0,0,27072
SHA-256,ordinary,65536,current,fresh-build,0,0,2170,3061368,2170,3061368,15331320
SHA-256,ordinary,65536,radix,fresh-build,0,0,4371,3244375,4371,3244375,18201088
SHA-256,ordinary,65536,current,delete-first,7,8349,7,8305,4,6081,65272
SHA-256,ordinary,65536,radix,delete-first,5,4520,5,4476,5,4476,43064
SHA-256,ordinary,65536,current,diff-delete-first,8,12206,0,0,0,0,56296
SHA-256,ordinary,65536,radix,diff-delete-first,10,8996,0,0,0,0,34848
SHA-256,ordinary,65536,current,delete-middle,8,16286,7,16161,4,13937,124176
SHA-256,ordinary,65536,radix,delete-middle,5,4564,5,4520,5,4520,43544
SHA-256,ordinary,65536,current,diff-delete-middle,9,27999,0,0,0,0,126032
SHA-256,ordinary,65536,radix,diff-delete-middle,10,9084,0,0,0,0,35296
SHA-256,ordinary,65536,current,delete-last,4,2685,4,2641,4,2641,22688
SHA-256,ordinary,65536,radix,delete-last,2,214,0,0,0,0,1240
SHA-256,ordinary,65536,current,diff-delete-last,8,5326,0,0,0,0,24968
SHA-256,ordinary,65536,radix,diff-delete-last,2,214,0,0,0,0,1456
SHA-256,ordinary,65536,current,replace-middle,8,16286,7,16206,4,13982,124376
SHA-256,ordinary,65536,radix,replace-middle,5,4564,5,4565,5,4565,43744
SHA-256,ordinary,65536,current,diff-replace-middle,9,28044,0,0,0,0,126264
SHA-256,ordinary,65536,radix,diff-replace-middle,10,9129,0,0,0,0,35632
SHA-256,ordinary,65536,current,insert-first,7,8349,7,8378,4,6154,65824
SHA-256,ordinary,65536,radix,insert-first,1,164,2,204,2,204,2944
SHA-256,ordinary,65536,current,diff-insert-first,8,12279,0,0,0,0,56776
SHA-256,ordinary,65536,radix,diff-insert-first,2,204,0,0,0,0,1424
SHA-256,ordinary,65536,current,get-middle,4,13449,0,0,0,0,41432
SHA-256,ordinary,65536,radix,get-middle,5,4564,0,0,0,0,15488
SHA-256,ordinary,65536,current,range-one,4,13449,0,0,0,0,41432
SHA-256,ordinary,65536,radix,range-one,5,4564,0,0,0,0,16064
SHA-256,ordinary,65536,current,range-half,7,14781,0,0,0,0,55312
SHA-256,ordinary,65536,radix,range-half,8,7735,0,0,0,0,31232
SHA-256,cap,4096,current,fresh-build,0,0,38,183258,38,183258,872008
SHA-256,cap,4096,radix,fresh-build,0,0,275,202857,275,202857,1139408
SHA-256,cap,4096,current,delete-first,38,183258,33,182809,33,182809,1653680
SHA-256,cap,4096,radix,delete-first,4,3336,4,3292,4,3292,32056
SHA-256,cap,4096,current,diff-delete-first,71,366067,0,0,0,0,1710800
SHA-256,cap,4096,radix,diff-delete-first,8,6628,0,0,0,0,26448
SHA-256,cap,4096,current,delete-middle,19,92123,18,91998,18,91998,833240
SHA-256,cap,4096,radix,delete-middle,4,3292,4,3248,4,3248,31576
SHA-256,cap,4096,current,diff-delete-middle,37,184121,0,0,0,0,876680
SHA-256,cap,4096,radix,diff-delete-middle,8,6540,0,0,0,0,25376
SHA-256,cap,4096,current,delete-last,3,7016,3,6972,3,6972,64608
SHA-256,cap,4096,radix,delete-last,2,5495,2,5451,2,5451,50368
SHA-256,cap,4096,current,diff-delete-last,6,13988,0,0,0,0,63640
SHA-256,cap,4096,radix,diff-delete-last,4,10946,0,0,0,0,50880
SHA-256,cap,4096,current,replace-middle,5,13191,4,7554,3,6561,93256
SHA-256,cap,4096,radix,replace-middle,4,3292,4,3293,4,3293,31784
SHA-256,cap,4096,current,diff-replace-middle,6,13121,0,0,0,0,60256
SHA-256,cap,4096,radix,diff-replace-middle,8,6585,0,0,0,0,25616
SHA-256,cap,4096,current,insert-first,38,183258,34,182972,34,182972,1654824
SHA-256,cap,4096,radix,insert-first,1,165,2,204,2,204,2944
SHA-256,cap,4096,current,diff-insert-first,72,366230,0,0,0,0,1711520
SHA-256,cap,4096,radix,diff-insert-first,2,204,0,0,0,0,1424
SHA-256,cap,4096,current,get-middle,3,6560,0,0,0,0,12528
SHA-256,cap,4096,radix,get-middle,4,3292,0,0,0,0,10968
SHA-256,cap,4096,current,range-one,3,6560,0,0,0,0,12560
SHA-256,cap,4096,radix,range-one,4,3292,0,0,0,0,11424
SHA-256,cap,4096,current,range-half,3,2143,0,0,0,0,8560
SHA-256,cap,4096,radix,range-half,6,5233,0,0,0,0,19704
SHA-256,cap,16384,current,fresh-build,0,0,137,732045,137,732045,3468536
SHA-256,cap,16384,radix,fresh-build,0,0,1129,814039,1129,814039,4590256
SHA-256,cap,16384,current,delete-first,137,732045,131,731515,131,731515,6600760
SHA-256,cap,16384,radix,delete-first,4,3564,4,3520,4,3520,33824
SHA-256,cap,16384,current,diff-delete-first,268,1463560,0,0,0,0,6953736
SHA-256,cap,16384,radix,diff-delete-first,8,7084,0,0,0,0,28048
SHA-256,cap,16384,current,delete-middle,69,369749,67,369543,67,369543,3328976
SHA-256,cap,16384,radix,delete-middle,4,3564,4,3520,4,3520,33824
SHA-256,cap,16384,current,diff-delete-middle,136,739292,0,0,0,0,3477000
SHA-256,cap,16384,radix,diff-delete-middle,8,7084,0,0,0,0,28048
SHA-256,cap,16384,current,delete-last,3,7320,3,7276,3,7276,66584
SHA-256,cap,16384,radix,delete-last,3,1081,3,1037,3,1037,10976
SHA-256,cap,16384,current,diff-delete-last,6,14596,0,0,0,0,65976
SHA-256,cap,16384,radix,diff-delete-last,6,2118,0,0,0,0,9080
SHA-256,cap,16384,current,replace-middle,5,18511,4,12874,3,11805,129016
SHA-256,cap,16384,radix,replace-middle,4,3564,4,3565,4,3565,34024
SHA-256,cap,16384,current,diff-replace-middle,6,23609,0,0,0,0,104096
SHA-256,cap,16384,radix,diff-replace-middle,8,7129,0,0,0,0,28384
SHA-256,cap,16384,current,insert-first,137,732045,133,731755,133,731755,6601768
SHA-256,cap,16384,radix,insert-first,1,393,2,204,2,204,3744
SHA-256,cap,16384,current,diff-insert-first,270,1463800,0,0,0,0,6955128
SHA-256,cap,16384,radix,diff-insert-first,2,204,0,0,0,0,1424
SHA-256,cap,16384,current,get-middle,3,11804,0,0,0,0,30736
SHA-256,cap,16384,radix,get-middle,4,3564,0,0,0,0,11832
SHA-256,cap,16384,current,range-one,3,11804,0,0,0,0,30768
SHA-256,cap,16384,radix,range-one,4,3564,0,0,0,0,12288
SHA-256,cap,16384,current,range-half,3,7615,0,0,0,0,31024
SHA-256,cap,16384,radix,range-half,7,6691,0,0,0,0,26856
SHA-256,cap,65536,current,fresh-build,0,0,531,2927031,531,2927031,13849896
SHA-256,cap,65536,radix,fresh-build,0,0,4508,3255689,4508,3255689,18355616
SHA-256,cap,65536,current,delete-first,531,2927031,526,2926582,526,2926582,26384200
SHA-256,cap,65536,radix,delete-first,5,4564,5,4520,5,4520,43544
SHA-256,cap,65536,current,diff-delete-first,1057,5853613,0,0,0,0,27485088
SHA-256,cap,65536,radix,diff-delete-first,10,9084,0,0,0,0,35296
SHA-256,cap,65536,current,delete-middle,264,1466016,266,1466134,266,1466134,13216896
SHA-256,cap,65536,radix,delete-middle,5,4564,5,4520,5,4520,43544
SHA-256,cap,65536,current,diff-delete-middle,530,2932150,0,0,0,0,13665256
SHA-256,cap,65536,radix,diff-delete-middle,10,9084,0,0,0,0,35296
SHA-256,cap,65536,current,delete-last,3,11956,3,11912,3,11912,98064
SHA-256,cap,65536,radix,delete-last,3,3244,3,3200,3,3200,30632
SHA-256,cap,65536,current,diff-delete-last,6,23868,0,0,0,0,103976
SHA-256,cap,65536,radix,diff-delete-last,6,6444,0,0,0,0,28456
SHA-256,cap,65536,current,replace-middle,5,22463,5,16907,4,11962,156216
SHA-256,cap,65536,radix,replace-middle,5,4564,5,4565,5,4565,43744
SHA-256,cap,65536,current,diff-replace-middle,7,23842,0,0,0,0,106448
SHA-256,cap,65536,radix,diff-replace-middle,10,9129,0,0,0,0,35632
SHA-256,cap,65536,current,insert-first,531,2927031,531,2927065,531,2927065,26389016
SHA-256,cap,65536,radix,insert-first,1,164,2,204,2,204,2944
SHA-256,cap,65536,current,diff-insert-first,1062,5854096,0,0,0,0,27488136
SHA-256,cap,65536,radix,diff-insert-first,2,204,0,0,0,0,1424
SHA-256,cap,65536,current,get-middle,3,11880,0,0,0,0,30992
SHA-256,cap,65536,radix,get-middle,5,4564,0,0,0,0,15488
SHA-256,cap,65536,current,range-one,3,11880,0,0,0,0,31024
SHA-256,cap,65536,radix,range-one,5,4564,0,0,0,0,16064
SHA-256,cap,65536,current,range-half,3,8299,0,0,0,0,31664
SHA-256,cap,65536,radix,range-half,8,7691,0,0,0,0,31616
SHA-256,ordinary,127,current,fresh-build,0,0,6,6003,6,6003,32424
SHA-256,ordinary,127,radix,fresh-build,0,0,1,5594,1,5594,26640
SHA-256,ordinary,127,current,delete-first,3,4621,3,4577,2,1359,44048
SHA-256,ordinary,127,radix,delete-first,1,5594,1,5550,1,5550,50512
SHA-256,ordinary,127,current,diff-delete-first,4,2762,0,0,0,0,13704
SHA-256,ordinary,127,radix,diff-delete-first,2,11144,0,0,0,0,51488
SHA-256,ordinary,127,current,delete-middle,2,3603,2,3559,2,3559,34240
SHA-256,ordinary,127,radix,delete-middle,1,5594,1,5550,1,5550,50512
SHA-256,ordinary,127,current,diff-delete-middle,4,7162,0,0,0,0,32784
SHA-256,ordinary,127,radix,diff-delete-middle,2,11144,0,0,0,0,51488
SHA-256,ordinary,127,current,delete-last,2,3603,2,3559,2,3559,34240
SHA-256,ordinary,127,radix,delete-last,1,5594,1,5550,1,5550,50512
SHA-256,ordinary,127,current,diff-delete-last,4,7162,0,0,0,0,32784
SHA-256,ordinary,127,radix,diff-delete-last,2,11144,0,0,0,0,51488
SHA-256,ordinary,127,current,replace-middle,2,3603,2,3604,2,3604,34448
SHA-256,ordinary,127,radix,replace-middle,1,5594,1,5595,1,5595,50720
SHA-256,ordinary,127,current,diff-replace-middle,4,7207,0,0,0,0,33040
SHA-256,ordinary,127,radix,diff-replace-middle,2,11189,0,0,0,0,51728
SHA-256,ordinary,127,current,insert-first,3,4621,3,4658,2,1440,44448
SHA-256,ordinary,127,radix,insert-first,1,5594,1,5635,1,5635,50920
SHA-256,ordinary,127,current,diff-insert-first,4,2843,0,0,0,0,14200
SHA-256,ordinary,127,radix,diff-insert-first,2,11229,0,0,0,0,51832
SHA-256,ordinary,127,current,get-middle,2,3603,0,0,0,0,6760
SHA-256,ordinary,127,radix,get-middle,1,5594,0,0,0,0,8912
SHA-256,ordinary,127,current,range-one,2,3603,0,0,0,0,6824
SHA-256,ordinary,127,radix,range-one,1,5594,0,0,0,0,9008
SHA-256,ordinary,127,current,range-half,3,4181,0,0,0,0,14832
SHA-256,ordinary,127,radix,range-half,1,5594,0,0,0,0,18584
SHA-256,ordinary,128,current,fresh-build,0,0,6,6047,6,6047,33080
SHA-256,ordinary,128,radix,fresh-build,0,0,1,5638,1,5638,26840
SHA-256,ordinary,128,current,delete-first,3,4665,3,4621,2,1359,45328
SHA-256,ordinary,128,radix,delete-first,1,5638,1,5594,1,5594,50888
SHA-256,ordinary,128,current,diff-delete-first,4,2762,0,0,0,0,13704
SHA-256,ordinary,128,radix,diff-delete-first,2,11232,0,0,0,0,51832
SHA-256,ordinary,128,current,delete-middle,2,3647,4,3765,4,3765,37104
SHA-256,ordinary,128,radix,delete-middle,1,5638,1,5594,1,5594,50888
SHA-256,ordinary,128,current,diff-delete-middle,6,7412,0,0,0,0,35584
SHA-256,ordinary,128,radix,diff-delete-middle,2,11232,0,0,0,0,51832
SHA-256,ordinary,128,current,delete-last,2,3647,2,3603,2,3603,35072
SHA-256,ordinary,128,radix,delete-last,1,5638,1,5594,1,5594,50888
SHA-256,ordinary,128,current,diff-delete-last,4,7250,0,0,0,0,33600
SHA-256,ordinary,128,radix,diff-delete-last,2,11232,0,0,0,0,51832
SHA-256,ordinary,128,current,replace-middle,2,3647,2,3648,2,3648,35728
SHA-256,ordinary,128,radix,replace-middle,1,5638,1,5639,1,5639,51088
SHA-256,ordinary,128,current,diff-replace-middle,4,7295,0,0,0,0,34288
SHA-256,ordinary,128,radix,diff-replace-middle,2,11277,0,0,0,0,52064
SHA-256,ordinary,128,current,insert-first,3,4665,3,4702,2,1440,45728
SHA-256,ordinary,128,radix,insert-first,1,5638,3,5842,2,204,53384
SHA-256,ordinary,128,current,diff-insert-first,4,2843,0,0,0,0,14200
SHA-256,ordinary,128,radix,diff-insert-first,2,204,0,0,0,0,1424
SHA-256,ordinary,128,current,get-middle,2,3647,0,0,0,0,6824
SHA-256,ordinary,128,radix,get-middle,1,5638,0,0,0,0,8976
SHA-256,ordinary,128,current,range-one,2,3647,0,0,0,0,6888
SHA-256,ordinary,128,radix,range-one,1,5638,0,0,0,0,9072
SHA-256,ordinary,128,current,range-half,3,4225,0,0,0,0,14896
SHA-256,ordinary,128,radix,range-half,1,5638,0,0,0,0,18648
SHA-256,ordinary,129,current,fresh-build,0,0,6,6091,6,6091,33288
SHA-256,ordinary,129,radix,fresh-build,0,0,10,6429,10,6429,36512
SHA-256,ordinary,129,current,delete-first,3,4709,3,4665,2,1359,45712
SHA-256,ordinary,129,radix,delete-first,11,7051,2,6260,2,6260,61824
SHA-256,ordinary,129,current,diff-delete-first,4,2762,0,0,0,0,13704
SHA-256,ordinary,129,radix,diff-delete-first,11,12067,0,0,0,0,54280
SHA-256,ordinary,129,current,delete-middle,2,3691,2,3647,2,3647,35904
SHA-256,ordinary,129,radix,delete-middle,11,7095,2,6304,2,6304,62208
SHA-256,ordinary,129,current,diff-delete-middle,4,7338,0,0,0,0,34416
SHA-256,ordinary,129,radix,diff-delete-middle,11,12067,0,0,0,0,54280
SHA-256,ordinary,129,current,delete-last,2,3691,2,3647,2,3647,35904
SHA-256,ordinary,129,radix,delete-last,11,6479,2,5688,2,5688,56864
SHA-256,ordinary,129,current,diff-delete-last,4,7338,0,0,0,0,34416
SHA-256,ordinary,129,radix,diff-delete-last,11,12067,0,0,0,0,54280
SHA-256,ordinary,129,current,replace-middle,2,3691,2,3692,2,3692,36112
SHA-256,ordinary,129,radix,replace-middle,2,1409,2,1410,2,1410,13720
SHA-256,ordinary,129,current,diff-replace-middle,4,7383,0,0,0,0,34672
SHA-256,ordinary,129,radix,diff-replace-middle,4,2819,0,0,0,0,12176
SHA-256,ordinary,129,current,insert-first,3,4709,3,4746,2,1440,46112
SHA-256,ordinary,129,radix,insert-first,1,699,2,204,2,204,4800
SHA-256,ordinary,129,current,diff-insert-first,4,2843,0,0,0,0,14200
SHA-256,ordinary,129,radix,diff-insert-first,2,204,0,0,0,0,1424
SHA-256,ordinary,129,current,get-middle,2,3691,0,0,0,0,6896
SHA-256,ordinary,129,radix,get-middle,2,1409,0,0,0,0,3976
SHA-256,ordinary,129,current,range-one,2,3691,0,0,0,0,6960
SHA-256,ordinary,129,radix,range-one,2,1409,0,0,0,0,4192
SHA-256,ordinary,129,current,range-half,3,4269,0,0,0,0,14968
SHA-256,ordinary,129,radix,range-half,3,2119,0,0,0,0,8032
SHA-256,ordinary,255,current,fresh-build,0,0,7,11717,7,11717,60544
SHA-256,ordinary,255,radix,fresh-build,0,0,17,12547,17,12547,70344
SHA-256,ordinary,255,current,delete-first,3,4917,3,4873,2,1435,47240
SHA-256,ordinary,255,radix,delete-first,2,1897,2,1853,2,1853,17944
SHA-256,ordinary,255,current,diff-delete-first,4,2914,0,0,0,0,14312
SHA-256,ordinary,255,radix,diff-delete-first,4,3750,0,0,0,0,15072
SHA-256,ordinary,255,current,delete-middle,3,9317,3,9273,2,5835,87168
SHA-256,ordinary,255,radix,delete-middle,2,1941,2,1897,2,1897,18424
SHA-256,ordinary,255,current,diff-delete-middle,4,11714,0,0,0,0,53648
SHA-256,ordinary,255,radix,diff-delete-middle,4,3838,0,0,0,0,15520
SHA-256,ordinary,255,current,delete-last,2,3899,2,3855,2,3855,37440
SHA-256,ordinary,255,radix,delete-last,2,1941,2,1897,2,1897,18424
SHA-256,ordinary,255,current,diff-delete-last,4,7754,0,0,0,0,36072
SHA-256,ordinary,255,radix,diff-delete-last,4,3838,0,0,0,0,15200
SHA-256,ordinary,255,current,replace-middle,3,9317,3,9318,2,5880,87376
SHA-256,ordinary,255,radix,replace-middle,2,1941,2,1942,2,1942,18624
SHA-256,ordinary,255,current,diff-replace-middle,4,11759,0,0,0,0,53904
SHA-256,ordinary,255,radix,diff-replace-middle,4,3883,0,0,0,0,15856
SHA-256,ordinary,255,current,insert-first,3,4917,3,4954,2,1516,47648
SHA-256,ordinary,255,radix,insert-first,1,1231,2,204,2,204,6640
SHA-256,ordinary,255,current,diff-insert-first,4,2995,0,0,0,0,14816
SHA-256,ordinary,255,radix,diff-insert-first,2,204,0,0,0,0,1424
SHA-256,ordinary,255,current,get-middle,2,5879,0,0,0,0,10416
SHA-256,ordinary,255,radix,get-middle,2,1941,0,0,0,0,5816
SHA-256,ordinary,255,current,range-one,2,5879,0,0,0,0,10480
SHA-256,ordinary,255,radix,range-one,2,1941,0,0,0,0,6032
SHA-256,ordinary,255,current,range-half,3,9317,0,0,0,0,35240
SHA-256,ordinary,255,radix,range-half,1,1231,0,0,0,0,5024
SHA-256,ordinary,256,current,fresh-build,0,0,7,11761,7,11761,60752
SHA-256,ordinary,256,radix,fresh-build,0,0,19,12763,19,12763,72704
SHA-256,ordinary,256,current,delete-first,3,4961,3,4917,2,1435,47624
SHA-256,ordinary,256,radix,delete-first,3,2063,3,2019,3,2019,20088
SHA-256,ordinary,256,current,diff-delete-first,4,2914,0,0,0,0,14312
SHA-256,ordinary,256,radix,diff-delete-first,6,4082,0,0,0,0,16528
SHA-256,ordinary,256,current,delete-middle,3,9361,3,9317,2,5835,87552
SHA-256,ordinary,256,radix,delete-middle,3,2107,3,2063,3,2063,20568
SHA-256,ordinary,256,current,diff-delete-middle,4,11714,0,0,0,0,53648
SHA-256,ordinary,256,radix,diff-delete-middle,6,4170,0,0,0,0,16976
SHA-256,ordinary,256,current,delete-last,2,3943,2,3899,2,3899,37816
SHA-256,ordinary,256,radix,delete-last,2,216,0,0,0,0,1240
SHA-256,ordinary,256,current,diff-delete-last,4,7842,0,0,0,0,36432
SHA-256,ordinary,256,radix,diff-delete-last,2,216,0,0,0,0,1456
SHA-256,ordinary,256,current,replace-middle,3,9361,3,9362,2,5880,87760
SHA-256,ordinary,256,radix,replace-middle,3,2107,3,2108,3,2108,20768
SHA-256,ordinary,256,current,diff-replace-middle,4,11759,0,0,0,0,53904
SHA-256,ordinary,256,radix,diff-replace-middle,6,4215,0,0,0,0,17312
SHA-256,ordinary,256,current,insert-first,3,4961,3,4998,2,1516,48032
SHA-256,ordinary,256,radix,insert-first,1,166,2,204,2,204,2944
SHA-256,ordinary,256,current,diff-insert-first,4,2995,0,0,0,0,14816
SHA-256,ordinary,256,radix,diff-insert-first,2,204,0,0,0,0,1424
SHA-256,ordinary,256,current,get-middle,2,5879,0,0,0,0,10416
SHA-256,ordinary,256,radix,get-middle,3,2107,0,0,0,0,6576
SHA-256,ordinary,256,current,range-one,2,5879,0,0,0,0,10480
SHA-256,ordinary,256,radix,range-one,3,2107,0,0,0,0,6912
SHA-256,ordinary,256,current,range-half,3,9361,0,0,0,0,35312
SHA-256,ordinary,256,radix,range-half,4,2817,0,0,0,0,11008
SHA-256,ordinary,257,current,fresh-build,0,0,7,11805,7,11805,60952
SHA-256,ordinary,257,radix,fresh-build,0,0,19,12807,19,12807,72904
SHA-256,ordinary,257,current,delete-first,3,5005,3,4961,2,1435,47992
SHA-256,ordinary,257,radix,delete-first,3,2063,3,2019,3,2019,20088
SHA-256,ordinary,257,current,diff-delete-first,4,2914,0,0,0,0,14312
SHA-256,ordinary,257,radix,diff-delete-first,6,4082,0,0,0,0,16528
SHA-256,ordinary,257,current,delete-middle,3,9405,3,9361,2,5835,87920
SHA-256,ordinary,257,radix,delete-middle,3,2107,3,2063,3,2063,20568
SHA-256,ordinary,257,current,diff-delete-middle,4,11714,0,0,0,0,53648
SHA-256,ordinary,257,radix,diff-delete-middle,6,4170,0,0,0,0,16976
SHA-256,ordinary,257,current,delete-last,2,3987,2,3943,2,3943,38192
SHA-256,ordinary,257,radix,delete-last,2,260,2,216,2,216,3632
SHA-256,ordinary,257,current,diff-delete-last,4,7930,0,0,0,0,36792
SHA-256,ordinary,257,radix,diff-delete-last,4,476,0,0,0,0,2728
SHA-256,ordinary,257,current,replace-middle,3,9405,3,9406,2,5880,88128
SHA-256,ordinary,257,radix,replace-middle,3,2107,3,2108,3,2108,20768
SHA-256,ordinary,257,current,diff-replace-middle,4,11759,0,0,0,0,53904
SHA-256,ordinary,257,radix,diff-replace-middle,6,4215,0,0,0,0,17312
SHA-256,ordinary,257,current,insert-first,3,5005,3,5042,2,1516,48400
SHA-256,ordinary,257,radix,insert-first,1,166,2,204,2,204,2944
SHA-256,ordinary,257,current,diff-insert-first,4,2995,0,0,0,0,14816
SHA-256,ordinary,257,radix,diff-insert-first,2,204,0,0,0,0,1424
SHA-256,ordinary,257,current,get-middle,2,5879,0,0,0,0,10416
SHA-256,ordinary,257,radix,get-middle,3,2107,0,0,0,0,6576
SHA-256,ordinary,257,current,range-one,2,5879,0,0,0,0,10480
SHA-256,ordinary,257,radix,range-one,3,2107,0,0,0,0,6912
SHA-256,ordinary,257,current,range-half,3,9405,0,0,0,0,35376
SHA-256,ordinary,257,radix,range-half,4,2817,0,0,0,0,11008
SHA-256,prefix-64,4096,current,fresh-build,0,0,133,461643,133,461643,2050568
SHA-256,prefix-64,4096,radix,fresh-build,0,0,275,484841,275,484841,2331248
SHA-256,prefix-64,4096,current,delete-first,5,22179,4,20013,3,9228,140120
SHA-256,prefix-64,4096,radix,delete-first,4,6812,4,6704,4,6704,55464
SHA-256,prefix-64,4096,current,diff-delete-first,6,18564,0,0,0,0,62960
SHA-256,prefix-64,4096,radix,diff-delete-first,8,13516,0,0,0,0,39952
SHA-256,prefix-64,4096,current,delete-middle,4,19614,3,17448,3,17448,128152
SHA-256,prefix-64,4096,radix,delete-middle,4,6920,4,6812,4,6812,56328
SHA-256,prefix-64,4096,current,diff-delete-middle,6,35004,0,0,0,0,114184
SHA-256,prefix-64,4096,radix,diff-delete-middle,8,13732,0,0,0,0,40656
SHA-256,prefix-64,4096,current,delete-last,3,13128,3,13020,3,13020,89544
SHA-256,prefix-64,4096,radix,delete-last,2,535,0,0,0,0,1880
SHA-256,prefix-64,4096,current,diff-delete-last,6,26148,0,0,0,0,84256
SHA-256,prefix-64,4096,radix,diff-delete-last,2,535,0,0,0,0,2096
SHA-256,prefix-64,4096,current,replace-middle,4,19614,3,17557,3,17557,128608
SHA-256,prefix-64,4096,radix,replace-middle,4,6920,4,6921,4,6921,56784
SHA-256,prefix-64,4096,current,diff-replace-middle,6,35113,0,0,0,0,114544
SHA-256,prefix-64,4096,radix,diff-replace-middle,8,13841,0,0,0,0,41120
SHA-256,prefix-64,4096,current,insert-first,5,22179,4,20026,3,9241,140416
SHA-256,prefix-64,4096,radix,insert-first,1,421,2,268,2,268,3520
SHA-256,prefix-64,4096,current,diff-insert-first,6,18577,0,0,0,0,63272
SHA-256,prefix-64,4096,radix,diff-insert-first,2,268,0,0,0,0,1552
SHA-256,prefix-64,4096,current,get-middle,3,17556,0,0,0,0,43440
SHA-256,prefix-64,4096,radix,get-middle,4,6920,0,0,0,0,18264
SHA-256,prefix-64,4096,current,range-one,3,17556,0,0,0,0,43408
SHA-256,prefix-64,4096,radix,range-one,4,6920,0,0,0,0,18656
SHA-256,prefix-64,4096,current,range-half,5,26499,0,0,0,0,73760
SHA-256,prefix-64,4096,radix,range-half,6,11037,0,0,0,0,32640
SHA-256,prefix-512,4096,current,fresh-build,0,0,133,2355785,133,2355785,8928008
SHA-256,prefix-512,4096,radix,fresh-build,0,0,275,2458729,275,2458729,9663856
SHA-256,prefix-512,4096,current,delete-first,5,100419,5,99863,3,44352,590552
SHA-256,prefix-512,4096,radix,delete-first,4,31452,4,30896,4,30896,201480
SHA-256,prefix-512,4096,current,diff-delete-first,6,89260,0,0,0,0,207000
SHA-256,prefix-512,4096,radix,diff-delete-first,8,62348,0,0,0,0,137616
SHA-256,prefix-512,4096,current,delete-middle,5,92339,5,91783,3,36272,546184
SHA-256,prefix-512,4096,radix,delete-middle,4,32008,4,31452,4,31452,204840
SHA-256,prefix-512,4096,current,diff-delete-middle,6,73100,0,0,0,0,164936
SHA-256,prefix-512,4096,radix,diff-delete-middle,8,63460,0,0,0,0,140112
SHA-256,prefix-512,4096,current,delete-last,3,57868,3,57312,3,57312,341464
SHA-256,prefix-512,4096,radix,delete-last,2,2775,0,0,0,0,6360
SHA-256,prefix-512,4096,current,diff-delete-last,6,115180,0,0,0,0,259368
SHA-256,prefix-512,4096,radix,diff-delete-last,2,2775,0,0,0,0,6576
SHA-256,prefix-512,4096,current,replace-middle,5,92339,5,92340,3,36829,548240
SHA-256,prefix-512,4096,radix,replace-middle,4,32008,4,32009,4,32009,206896
SHA-256,prefix-512,4096,current,diff-replace-middle,6,73657,0,0,0,0,166192
SHA-256,prefix-512,4096,radix,diff-replace-middle,8,64017,0,0,0,0,141472
SHA-256,prefix-512,4096,current,insert-first,5,100419,6,99505,4,43994,594128
SHA-256,prefix-512,4096,radix,insert-first,1,2213,2,716,2,716,8240
SHA-256,prefix-512,4096,current,diff-insert-first,7,88902,0,0,0,0,207280
SHA-256,prefix-512,4096,radix,diff-insert-first,2,716,0,0,0,0,2448
SHA-256,prefix-512,4096,current,get-middle,3,36828,0,0,0,0,76256
SHA-256,prefix-512,4096,radix,get-middle,4,32008,0,0,0,0,68888
SHA-256,prefix-512,4096,current,range-one,3,36828,0,0,0,0,75776
SHA-256,prefix-512,4096,radix,range-one,4,32008,0,0,0,0,68832
SHA-256,prefix-512,4096,current,range-half,5,102643,0,0,0,0,227472
SHA-256,prefix-512,4096,radix,range-half,6,51357,0,0,0,0,113280
SHA-256,prefix-4096,4096,current,fresh-build,0,0,149,17575785,149,17575785,70534864
SHA-256,prefix-4096,4096,radix,fresh-build,0,0,275,18249833,275,18249833,89986784
SHA-256,prefix-4096,4096,current,delete-first,5,591331,5,587191,3,215904,3465816
SHA-256,prefix-4096,4096,radix,delete-first,4,228572,4,224432,4,224432,1413088
SHA-256,prefix-4096,4096,current,diff-delete-first,6,435948,0,0,0,0,888064
SHA-256,prefix-4096,4096,radix,diff-delete-first,8,453004,0,0,0,0,918928
SHA-256,prefix-4096,4096,current,delete-middle,4,470786,4,466646,3,462500,2817560
SHA-256,prefix-4096,4096,radix,delete-middle,4,232712,4,228572,4,228572,1425856
SHA-256,prefix-4096,4096,current,diff-delete-middle,6,929140,0,0,0,0,1897144
SHA-256,prefix-4096,4096,radix,diff-delete-middle,8,461284,0,0,0,0,935760
SHA-256,prefix-4096,4096,current,delete-last,3,387980,2,379662,2,379662,2274560
SHA-256,prefix-4096,4096,radix,delete-last,2,20695,0,0,0,0,42200
SHA-256,prefix-4096,4096,current,diff-delete-last,5,767642,0,0,0,0,1566856
SHA-256,prefix-4096,4096,radix,diff-delete-last,2,20695,0,0,0,0,42416
SHA-256,prefix-4096,4096,current,replace-middle,4,470786,4,470787,3,466641,2821856
SHA-256,prefix-4096,4096,radix,replace-middle,4,232712,4,232713,4,232713,1561688
SHA-256,prefix-4096,4096,current,diff-replace-middle,6,933281,0,0,0,0,1905568
SHA-256,prefix-4096,4096,radix,diff-replace-middle,8,465425,0,0,0,0,944288
SHA-256,prefix-4096,4096,current,insert-first,5,591331,5,583172,3,211885,3489256
SHA-256,prefix-4096,4096,radix,insert-first,1,16549,2,4300,2,4300,44080
SHA-256,prefix-4096,4096,current,diff-insert-first,6,431929,0,0,0,0,880416
SHA-256,prefix-4096,4096,radix,diff-insert-first,2,4300,0,0,0,0,9616
SHA-256,prefix-4096,4096,current,get-middle,3,466640,0,0,0,0,947888
SHA-256,prefix-4096,4096,radix,get-middle,4,232712,0,0,0,0,473880
SHA-256,prefix-4096,4096,current,range-one,3,466640,0,0,0,0,943824
SHA-256,prefix-4096,4096,radix,range-one,4,232712,0,0,0,0,470240
SHA-256,prefix-4096,4096,current,range-half,5,790851,0,0,0,0,1606840
SHA-256,prefix-4096,4096,radix,range-half,6,373917,0,0,0,0,758400
SHA-256,payload-256,4096,current,fresh-build,0,0,130,1239380,130,1239380,4412800
SHA-256,payload-256,4096,radix,fresh-build,0,0,275,1251433,275,1251433,4653264
SHA-256,payload-256,4096,current,delete-first,5,15055,5,14755,3,14064,98944
SHA-256,payload-256,4096,radix,delete-first,4,7132,4,6832,4,6832,51320
SHA-256,payload-256,4096,current,diff-delete-first,6,28428,0,0,0,0,99080
SHA-256,payload-256,4096,radix,diff-delete-first,8,13964,0,0,0,0,40848
SHA-256,payload-256,4096,current,delete-middle,5,33055,5,32755,3,32064,204264
SHA-256,payload-256,4096,radix,delete-middle,4,7432,4,7132,4,7132,53144
SHA-256,payload-256,4096,current,diff-delete-middle,6,64428,0,0,0,0,181728
SHA-256,payload-256,4096,radix,diff-delete-middle,8,14564,0,0,0,0,42320
SHA-256,payload-256,4096,current,delete-last,3,924,2,542,2,542,7360
SHA-256,payload-256,4096,radix,delete-last,2,471,0,0,0,0,1752
SHA-256,payload-256,4096,current,diff-delete-last,5,1466,0,0,0,0,7560
SHA-256,payload-256,4096,radix,diff-delete-last,2,471,0,0,0,0,1968
SHA-256,payload-256,4096,current,replace-middle,5,33055,5,32800,3,32109,205048
SHA-256,payload-256,4096,radix,replace-middle,4,7432,4,7177,4,7177,53920
SHA-256,payload-256,4096,current,diff-replace-middle,6,64473,0,0,0,0,181984
SHA-256,payload-256,4096,radix,diff-replace-middle,8,14609,0,0,0,0,42656
SHA-256,payload-256,4096,current,insert-first,5,15055,5,15088,3,14397,100896
SHA-256,payload-256,4096,radix,insert-first,1,165,2,204,2,204,2944
SHA-256,payload-256,4096,current,diff-insert-first,6,28761,0,0,0,0,100072
SHA-256,payload-256,4096,radix,diff-insert-first,2,204,0,0,0,0,1424
SHA-256,payload-256,4096,current,get-middle,3,32364,0,0,0,0,53680
SHA-256,payload-256,4096,radix,get-middle,4,7432,0,0,0,0,15384
SHA-256,payload-256,4096,current,range-one,3,32364,0,0,0,0,53456
SHA-256,payload-256,4096,radix,range-one,4,7432,0,0,0,0,15584
SHA-256,payload-256,4096,current,range-half,5,52951,0,0,0,0,98000
SHA-256,payload-256,4096,radix,range-half,6,13469,0,0,0,0,29312
SHA-256,payload-1024,4096,current,fresh-build,0,0,130,4385108,130,4385108,17098352
SHA-256,payload-1024,4096,radix,fresh-build,0,0,275,4397161,275,4397161,17636040
SHA-256,payload-1024,4096,current,delete-first,5,34323,5,33255,3,24576,211976
SHA-256,payload-1024,4096,radix,delete-first,4,18652,4,17584,4,17584,118936
SHA-256,payload-1024,4096,current,diff-delete-first,6,50220,0,0,0,0,112360
SHA-256,payload-1024,4096,radix,diff-delete-first,8,36236,0,0,0,0,85392
SHA-256,payload-1024,4096,current,delete-middle,4,97562,4,96494,3,95420,587536
SHA-256,payload-1024,4096,radix,delete-middle,4,19720,4,18652,4,18652,125368
SHA-256,payload-1024,4096,current,diff-delete-middle,6,191908,0,0,0,0,439568
SHA-256,payload-1024,4096,radix,diff-delete-middle,8,38372,0,0,0,0,89936
SHA-256,payload-1024,4096,current,delete-last,3,8912,2,7762,2,7762,57712
SHA-256,payload-1024,4096,radix,delete-last,2,1239,0,0,0,0,3288
SHA-256,payload-1024,4096,current,diff-delete-last,5,16674,0,0,0,0,67976
SHA-256,payload-1024,4096,radix,diff-delete-last,2,1239,0,0,0,0,3504
SHA-256,payload-1024,4096,current,replace-middle,4,97562,4,96539,3,95465,590624
SHA-256,payload-1024,4096,radix,replace-middle,4,19720,4,18697,4,18697,128448
SHA-256,payload-1024,4096,current,diff-replace-middle,6,191953,0,0,0,0,439824
SHA-256,payload-1024,4096,radix,diff-replace-middle,8,38417,0,0,0,0,90272
SHA-256,payload-1024,4096,current,insert-first,5,34323,5,34356,3,25677,219304
SHA-256,payload-1024,4096,radix,insert-first,1,165,2,204,2,204,2944
SHA-256,payload-1024,4096,current,diff-insert-first,6,51321,0,0,0,0,114888
SHA-256,payload-1024,4096,radix,diff-insert-first,2,204,0,0,0,0,1424
SHA-256,payload-1024,4096,current,get-middle,3,96488,0,0,0,0,119504
SHA-256,payload-1024,4096,radix,get-middle,4,19720,0,0,0,0,28440
SHA-256,payload-1024,4096,current,range-one,3,96488,0,0,0,0,118512
SHA-256,payload-1024,4096,radix,range-one,4,19720,0,0,0,0,27872
SHA-256,payload-1024,4096,current,range-half,4,162710,0,0,0,0,203664
SHA-256,payload-1024,4096,radix,range-half,6,38045,0,0,0,0,53888
SHA-256,payload-4096,4096,current,fresh-build,0,0,133,16968263,133,16968263,66945800
SHA-256,payload-4096,4096,radix,fresh-build,0,0,275,16980073,275,16980073,50846216
SHA-256,payload-4096,4096,current,delete-first,5,102731,5,98591,3,92920,605928
SHA-256,payload-4096,4096,radix,delete-first,4,64732,4,60592,4,60592,340416
SHA-256,payload-4096,4096,current,diff-delete-first,6,189980,0,0,0,0,395400
SHA-256,payload-4096,4096,radix,diff-delete-first,8,125324,0,0,0,0,263568
SHA-256,payload-4096,4096,current,delete-middle,5,352499,5,348359,3,342688,2103016
SHA-256,payload-4096,4096,radix,delete-middle,4,68872,4,64732,4,64732,353184
SHA-256,payload-4096,4096,current,diff-delete-middle,6,689516,0,0,0,0,1412928
SHA-256,payload-4096,4096,radix,diff-delete-middle,8,133604,0,0,0,0,280400
SHA-256,payload-4096,4096,current,delete-last,3,6132,2,1910,2,1910,24208
SHA-256,payload-4096,4096,radix,delete-last,2,4311,0,0,0,0,9432
SHA-256,payload-4096,4096,current,diff-delete-last,5,8042,0,0,0,0,26248
SHA-256,payload-4096,4096,radix,diff-delete-last,2,4311,0,0,0,0,9648
SHA-256,payload-4096,4096,current,replace-middle,5,352499,5,348404,3,342733,2115320
SHA-256,payload-4096,4096,radix,replace-middle,4,68872,4,64777,4,64777,353384
SHA-256,payload-4096,4096,current,diff-replace-middle,6,689561,0,0,0,0,1413184
SHA-256,payload-4096,4096,radix,diff-replace-middle,8,133649,0,0,0,0,280736
SHA-256,payload-4096,4096,current,insert-first,5,102731,5,102764,3,97093,634776
SHA-256,payload-4096,4096,radix,insert-first,1,165,2,204,2,204,2944
SHA-256,payload-4096,4096,current,diff-insert-first,6,194153,0,0,0,0,404024
SHA-256,payload-4096,4096,radix,diff-insert-first,2,204,0,0,0,0,1424
SHA-256,payload-4096,4096,current,get-middle,3,346828,0,0,0,0,361440
SHA-256,payload-4096,4096,radix,get-middle,4,68872,0,0,0,0,80664
SHA-256,payload-4096,4096,current,range-one,3,346828,0,0,0,0,357376
SHA-256,payload-4096,4096,radix,range-one,4,68872,0,0,0,0,77024
SHA-256,payload-4096,4096,current,range-half,5,604355,0,0,0,0,633808
SHA-256,payload-4096,4096,radix,range-half,6,136349,0,0,0,0,152192
SHA-256,chain,256,current,fresh-build,0,0,9,44948,9,44948,173408
SHA-256,chain,256,radix,fresh-build,0,0,257,120902,257,120902,685536
SHA-256,chain,256,current,delete-first,3,21042,3,20745,2,18633,137456
SHA-256,chain,256,radix,delete-first,131,136402,129,135181,129,135181,1005592
SHA-256,chain,256,current,diff-delete-first,4,37563,0,0,0,0,92976
SHA-256,chain,256,radix,diff-delete-first,258,212643,0,0,0,0,560536
SHA-256,chain,256,current,delete-middle,4,15823,3,15450,2,13338,102344
SHA-256,chain,256,radix,delete-middle,129,77166,127,76200,127,76200,608968
SHA-256,chain,256,current,diff-delete-middle,5,27049,0,0,0,0,74960
SHA-256,chain,256,radix,diff-delete-middle,256,153366,0,0,0,0,411064
SHA-256,chain,256,current,delete-last,2,3876,2,3835,2,3835,31136
SHA-256,chain,256,radix,delete-last,2,458,0,0,0,0,1728
SHA-256,chain,256,current,diff-delete-last,4,7711,0,0,0,0,27128
SHA-256,chain,256,radix,diff-delete-last,2,458,0,0,0,0,1944
SHA-256,chain,256,current,replace-middle,3,8575,3,8576,2,6464,58040
SHA-256,chain,256,radix,replace-middle,129,77166,129,77167,129,77167,618088
SHA-256,chain,256,current,diff-replace-middle,4,12927,0,0,0,0,35536
SHA-256,chain,256,radix,diff-replace-middle,258,154333,0,0,0,0,413712
SHA-256,chain,256,current,insert-first,3,21042,5,21172,4,19060,138192
SHA-256,chain,256,radix,insert-first,1,411,2,456,2,456,4224
SHA-256,chain,256,current,diff-insert-first,6,37990,0,0,0,0,95112
SHA-256,chain,256,radix,diff-insert-first,2,456,0,0,0,0,1928
SHA-256,chain,256,current,get-middle,2,6463,0,0,0,0,13856
SHA-256,chain,256,radix,get-middle,129,77166,0,0,0,0,209224
SHA-256,chain,256,current,range-one,2,6463,0,0,0,0,13792
SHA-256,chain,256,radix,range-one,128,76992,0,0,0,0,223872
SHA-256,chain,256,current,range-half,3,22796,0,0,0,0,47120
SHA-256,chain,256,radix,range-half,129,106758,0,0,0,0,294808
SHA-256,chain,512,current,fresh-build,0,0,18,158153,18,158153,617224
SHA-256,chain,512,radix,fresh-build,0,0,769,630854,769,630854,3261512
SHA-256,chain,512,current,delete-first,3,12204,3,11651,2,9539,74936
SHA-256,chain,512,radix,delete-first,387,601682,385,598925,385,598925,4120096
SHA-256,chain,512,current,diff-delete-first,4,19631,0,0,0,0,48184
SHA-256,chain,512,radix,diff-delete-first,770,1076643,0,0,0,0,2495032
SHA-256,chain,512,current,delete-middle,3,31335,3,31039,2,28927,192640
SHA-256,chain,512,radix,delete-middle,257,268974,255,267240,255,267240,1888560
SHA-256,chain,512,current,diff-delete-middle,4,58150,0,0,0,0,141504
SHA-256,chain,512,radix,diff-delete-middle,512,536214,0,0,0,0,1282680
SHA-256,chain,512,current,delete-last,2,8355,2,8314,2,8314,52384
SHA-256,chain,512,radix,delete-last,2,714,0,0,0,0,2240
SHA-256,chain,512,current,diff-delete-last,4,16669,0,0,0,0,47992
SHA-256,chain,512,radix,diff-delete-last,2,714,0,0,0,0,2456
SHA-256,chain,512,current,replace-middle,3,31335,3,31336,2,29224,193672
SHA-256,chain,512,radix,replace-middle,257,268974,257,268975,257,268975,1896384
SHA-256,chain,512,current,diff-replace-middle,4,58447,0,0,0,0,142240
SHA-256,chain,512,radix,diff-replace-middle,514,537949,0,0,0,0,1286864
SHA-256,chain,512,current,insert-first,3,12204,7,13051,6,10939,83440
SHA-256,chain,512,radix,insert-first,1,667,2,712,2,712,5152
SHA-256,chain,512,current,diff-insert-first,8,21031,0,0,0,0,53296
SHA-256,chain,512,radix,diff-insert-first,2,712,0,0,0,0,2440
SHA-256,chain,512,current,get-middle,2,29223,0,0,0,0,59320
SHA-256,chain,512,radix,get-middle,257,268974,0,0,0,0,647496
SHA-256,chain,512,current,range-one,2,29223,0,0,0,0,59128
SHA-256,chain,512,radix,range-one,256,268672,0,0,0,0,677120
SHA-256,chain,512,current,range-half,3,37205,0,0,0,0,84112
SHA-256,chain,512,radix,range-half,384,476736,0,0,0,0,1179456
SHA-256,chain,1024,current,fresh-build,0,0,32,583746,32,583746,2244504
SHA-256,chain,1024,radix,fresh-build,0,0,1793,2830406,1793,2830406,14029544
SHA-256,chain,1024,current,delete-first,3,58620,3,57555,2,55443,354528
SHA-256,chain,1024,radix,delete-first,899,2515282,897,2509453,897,2509453,16642200
SHA-256,chain,1024,current,diff-delete-first,4,111951,0,0,0,0,244432
SHA-256,chain,1024,radix,diff-delete-first,1794,4770723,0,0,0,0,10303992
SHA-256,chain,1024,current,delete-middle,3,30463,4,31012,3,28900,188448
SHA-256,chain,1024,radix,delete-middle,513,996654,511,993384,511,993384,6470824
SHA-256,chain,1024,current,diff-delete-middle,5,57251,0,0,0,0,131088
SHA-256,chain,1024,radix,diff-delete-middle,1024,1990038,0,0,0,0,4396568
SHA-256,chain,1024,current,delete-last,2,19912,2,19871,2,19871,123408
SHA-256,chain,1024,radix,delete-last,2,1226,0,0,0,0,3224
SHA-256,chain,1024,current,diff-delete-last,4,39783,0,0,0,0,98552
SHA-256,chain,1024,radix,diff-delete-last,2,1226,0,0,0,0,3480
SHA-256,chain,1024,current,replace-middle,3,30463,3,30464,2,28352,187352
SHA-256,chain,1024,radix,replace-middle,513,996654,513,996655,513,996655,6485520
SHA-256,chain,1024,current,diff-replace-middle,4,56703,0,0,0,0,129360
SHA-256,chain,1024,radix,diff-replace-middle,1026,1993309,0,0,0,0,4403824
SHA-256,chain,1024,current,insert-first,3,58620,3,57637,2,55525,360688
SHA-256,chain,1024,radix,insert-first,1,1179,2,1224,2,1224,7200
SHA-256,chain,1024,current,diff-insert-first,4,112033,0,0,0,0,244776
SHA-256,chain,1024,radix,diff-insert-first,2,1224,0,0,0,0,3464
SHA-256,chain,1024,current,get-middle,2,28351,0,0,0,0,60728
SHA-256,chain,1024,radix,get-middle,513,996654,0,0,0,0,2212168
SHA-256,chain,1024,current,range-one,2,28351,0,0,0,0,60280
SHA-256,chain,1024,radix,range-one,512,996096,0,0,0,0,2271744
SHA-256,chain,1024,current,range-half,3,119581,0,0,0,0,256512
SHA-256,chain,1024,radix,range-half,768,1789056,0,0,0,0,4030144
SHA3-256,ordinary,4096,current,fresh-build,0,0,130,190804,130,190804,996464
SHA3-256,ordinary,4096,radix,fresh-build,0,0,275,202857,275,202857,1224216
SHA3-256,ordinary,4096,current,delete-first,5,7467,5,7423,3,4328,58792
SHA3-256,ordinary,4096,radix,delete-first,4,3292,4,3248,4,3248,32440
SHA3-256,ordinary,4096,current,diff-delete-first,6,8700,0,0,0,0,40216
SHA3-256,ordinary,4096,radix,diff-delete-first,8,6540,0,0,0,0,26000
SHA3-256,ordinary,4096,current,delete-middle,5,10411,5,10367,3,7272,85472
SHA3-256,ordinary,4096,radix,delete-middle,4,3336,4,3292,4,3292,32920
SHA3-256,ordinary,4096,current,diff-delete-middle,6,14588,0,0,0,0,65456
SHA3-256,ordinary,4096,radix,diff-delete-middle,8,6628,0,0,0,0,26448
SHA3-256,ordinary,4096,current,delete-last,3,3328,2,3202,2,3202,25632
SHA3-256,ordinary,4096,radix,delete-last,2,215,0,0,0,0,1216
SHA3-256,ordinary,4096,current,diff-delete-last,5,6530,0,0,0,0,28808
SHA3-256,ordinary,4096,radix,diff-delete-last,2,215,0,0,0,0,1456
SHA3-256,ordinary,4096,current,replace-middle,5,10411,5,10412,3,7317,85680
SHA3-256,ordinary,4096,radix,replace-middle,4,3336,4,3337,4,3337,33120
SHA3-256,ordinary,4096,current,diff-replace-middle,6,14633,0,0,0,0,65712
SHA3-256,ordinary,4096,radix,diff-replace-middle,8,6673,0,0,0,0,26784
SHA3-256,ordinary,4096,current,insert-first,5,7467,5,7500,3,4405,59336
SHA3-256,ordinary,4096,radix,insert-first,1,165,2,204,2,204,3504
SHA3-256,ordinary,4096,current,diff-insert-first,6,8777,0,0,0,0,40696
SHA3-256,ordinary,4096,radix,diff-insert-first,2,204,0,0,0,0,1424
SHA3-256,ordinary,4096,current,get-middle,3,7316,0,0,0,0,18976
SHA3-256,ordinary,4096,radix,get-middle,4,3336,0,0,0,0,11032
SHA3-256,ordinary,4096,current,range-one,3,7316,0,0,0,0,19008
SHA3-256,ordinary,4096,radix,range-one,4,3336,0,0,0,0,11488
SHA3-256,ordinary,4096,current,range-half,5,12791,0,0,0,0,47504
SHA3-256,ordinary,4096,radix,range-half,6,5277,0,0,0,0,21120
SHA3-256,ordinary,16384,current,fresh-build,0,0,518,763284,518,763284,3975944
SHA3-256,ordinary,16384,radix,fresh-build,0,0,1094,811143,1094,811143,4889616
SHA3-256,ordinary,16384,current,delete-first,7,8681,8,8718,5,4946,72128
SHA3-256,ordinary,16384,radix,delete-first,4,3520,4,3476,4,3476,34208
SHA3-256,ordinary,16384,current,diff-delete-first,9,9855,0,0,0,0,46232
SHA3-256,ordinary,16384,radix,diff-delete-first,8,6996,0,0,0,0,27600
SHA3-256,ordinary,16384,current,delete-middle,7,18205,7,18161,4,14389,146200
SHA3-256,ordinary,16384,radix,delete-middle,4,3564,4,3520,4,3520,34688
SHA3-256,ordinary,16384,current,diff-delete-middle,8,28822,0,0,0,0,126952
SHA3-256,ordinary,16384,radix,diff-delete-middle,8,7084,0,0,0,0,28048
SHA3-256,ordinary,16384,current,delete-last,4,3929,4,3885,4,3885,33928
SHA3-256,ordinary,16384,radix,delete-last,2,443,1,317,1,317,4416
SHA3-256,ordinary,16384,current,diff-delete-last,8,7814,0,0,0,0,35448
SHA3-256,ordinary,16384,radix,diff-delete-last,3,760,0,0,0,0,3512
SHA3-256,ordinary,16384,current,replace-middle,7,18205,7,18206,4,14434,146400
SHA3-256,ordinary,16384,radix,replace-middle,4,3564,4,3565,4,3565,34888
SHA3-256,ordinary,16384,current,diff-replace-middle,8,28867,0,0,0,0,127184
SHA3-256,ordinary,16384,radix,diff-replace-middle,8,7129,0,0,0,0,28384
SHA3-256,ordinary,16384,current,insert-first,7,8681,7,8710,4,4938,71296
SHA3-256,ordinary,16384,radix,insert-first,1,393,2,204,2,204,4304
SHA3-256,ordinary,16384,current,diff-insert-first,8,9847,0,0,0,0,45752
SHA3-256,ordinary,16384,radix,diff-insert-first,2,204,0,0,0,0,1424
SHA3-256,ordinary,16384,current,get-middle,4,14433,0,0,0,0,40536
SHA3-256,ordinary,16384,radix,get-middle,4,3564,0,0,0,0,11832
SHA3-256,ordinary,16384,current,range-one,4,14433,0,0,0,0,40536
SHA3-256,ordinary,16384,radix,range-one,4,3564,0,0,0,0,12288
SHA3-256,ordinary,16384,current,range-half,6,18928,0,0,0,0,75048
SHA3-256,ordinary,16384,radix,range-half,7,6735,0,0,0,0,27072
SHA3-256,ordinary,65536,current,fresh-build,0,0,2158,3060396,2158,3060396,15994104
SHA3-256,ordinary,65536,radix,fresh-build,0,0,4371,3244375,4371,3244375,19553880
SHA3-256,ordinary,65536,current,delete-first,7,12377,7,12333,4,4941,94896
SHA3-256,ordinary,65536,radix,delete-first,5,4520,5,4476,5,4476,44112
SHA3-256,ordinary,65536,current,diff-delete-first,8,9926,0,0,0,0,45912
SHA3-256,ordinary,65536,radix,diff-delete-first,10,8996,0,0,0,0,34848
SHA3-256,ordinary,65536,current,delete-middle,7,14837,7,14793,4,7401,116896
SHA3-256,ordinary,65536,radix,delete-middle,5,4564,5,4520,5,4520,44592
SHA3-256,ordinary,65536,current,diff-delete-middle,8,14846,0,0,0,0,66376
SHA3-256,ordinary,65536,radix,diff-delete-middle,10,9084,0,0,0,0,35296
SHA3-256,ordinary,65536,current,delete-last,4,7625,4,7581,4,7581,57888
SHA3-256,ordinary,65536,radix,delete-last,2,214,0,0,0,0,1216
SHA3-256,ordinary,65536,current,diff-delete-last,8,15206,0,0,0,0,65624
SHA3-256,ordinary,65536,radix,diff-delete-last,2,214,0,0,0,0,1456
SHA3-256,ordinary,65536,current,replace-middle,7,14837,7,14838,4,7446,117096
SHA3-256,ordinary,65536,radix,replace-middle,5,4564,5,4565,5,4565,44792
SHA3-256,ordinary,65536,current,diff-replace-middle,8,14891,0,0,0,0,66608
SHA3-256,ordinary,65536,radix,diff-replace-middle,10,9129,0,0,0,0,35632
SHA3-256,ordinary,65536,current,insert-first,7,12377,7,12406,4,5014,95440
SHA3-256,ordinary,65536,radix,insert-first,1,164,2,204,2,204,3504
SHA3-256,ordinary,65536,current,diff-insert-first,8,9999,0,0,0,0,46384
SHA3-256,ordinary,65536,radix,diff-insert-first,2,204,0,0,0,0,1424
SHA3-256,ordinary,65536,current,get-middle,4,7445,0,0,0,0,20512
SHA3-256,ordinary,65536,radix,get-middle,5,4564,0,0,0,0,15488
SHA3-256,ordinary,65536,current,range-one,4,7445,0,0,0,0,20512
SHA3-256,ordinary,65536,radix,range-one,5,4564,0,0,0,0,16064
SHA3-256,ordinary,65536,current,range-half,6,13788,0,0,0,0,52520
SHA3-256,ordinary,65536,radix,range-half,8,7735,0,0,0,0,31232
SHA3-256,cap,4096,current,fresh-build,0,0,33,182853,33,182853,878120
SHA3-256,cap,4096,radix,fresh-build,0,0,275,202857,275,202857,1224488
SHA3-256,cap,4096,current,delete-first,33,182853,35,182971,35,182971,1664088
SHA3-256,cap,4096,radix,delete-first,4,3336,4,3292,4,3292,32920
SHA3-256,cap,4096,current,diff-delete-first,68,365824,0,0,0,0,1708952
SHA3-256,cap,4096,radix,diff-delete-first,8,6628,0,0,0,0,26448
SHA3-256,cap,4096,current,delete-middle,17,92645,17,92601,17,92601,841272
SHA3-256,cap,4096,radix,delete-middle,4,3292,4,3248,4,3248,32440
SHA3-256,cap,4096,current,diff-delete-middle,34,185246,0,0,0,0,880168
SHA3-256,cap,4096,radix,diff-delete-middle,8,6540,0,0,0,0,25376
SHA3-256,cap,4096,current,delete-last,2,8075,2,8031,2,8031,71544
SHA3-256,cap,4096,radix,delete-last,2,5495,2,5451,2,5451,50864
SHA3-256,cap,4096,current,diff-delete-last,4,16106,0,0,0,0,71352
SHA3-256,cap,4096,radix,diff-delete-last,4,10946,0,0,0,0,50880
SHA3-256,cap,4096,current,replace-middle,3,13713,2,8076,2,8076,95952
SHA3-256,cap,4096,radix,replace-middle,4,3292,4,3293,4,3293,32648
SHA3-256,cap,4096,current,diff-replace-middle,4,16151,0,0,0,0,72208
SHA3-256,cap,4096,radix,diff-replace-middle,8,6585,0,0,0,0,25616
SHA3-256,cap,4096,current,insert-first,33,182853,34,182972,34,182972,1663352
SHA3-256,cap,4096,radix,insert-first,1,165,2,204,2,204,3504
SHA3-256,cap,4096,current,diff-insert-first,67,365825,0,0,0,0,1708416
SHA3-256,cap,4096,radix,diff-insert-first,2,204,0,0,0,0,1424
SHA3-256,cap,4096,current,get-middle,2,8075,0,0,0,0,17616
SHA3-256,cap,4096,radix,get-middle,4,3292,0,0,0,0,10968
SHA3-256,cap,4096,current,range-one,2,8075,0,0,0,0,17680
SHA3-256,cap,4096,radix,range-one,4,3292,0,0,0,0,11424
SHA3-256,cap,4096,current,range-half,1,2437,0,0,0,0,9696
SHA3-256,cap,4096,radix,range-half,6,5233,0,0,0,0,19704
SHA3-256,cap,16384,current,fresh-build,0,0,134,731802,134,731802,3507472
SHA3-256,cap,16384,radix,fresh-build,0,0,1129,814039,1129,814039,4939624
SHA3-256,cap,16384,current,delete-first,134,731802,132,731596,132,731596,6640432
SHA3-256,cap,16384,radix,delete-first,4,3564,4,3520,4,3520,34688
SHA3-256,cap,16384,current,diff-delete-first,266,1463398,0,0,0,0,6952360
SHA3-256,cap,16384,radix,diff-delete-first,8,7084,0,0,0,0,28048
SHA3-256,cap,16384,current,delete-middle,69,368305,66,368018,66,368018,3339224
SHA3-256,cap,16384,radix,delete-middle,4,3564,4,3520,4,3520,34688
SHA3-256,cap,16384,current,diff-delete-middle,135,736323,0,0,0,0,3464904
SHA3-256,cap,16384,radix,diff-delete-middle,8,7084,0,0,0,0,28048
SHA3-256,cap,16384,current,delete-last,3,6712,3,6668,3,6668,63464
SHA3-256,cap,16384,radix,delete-last,3,1081,3,1037,3,1037,11656
SHA3-256,cap,16384,current,diff-delete-last,6,13380,0,0,0,0,60856
SHA3-256,cap,16384,radix,diff-delete-last,6,2118,0,0,0,0,9080
SHA3-256,cap,16384,current,replace-middle,5,15547,4,9910,3,9221,110464
SHA3-256,cap,16384,radix,replace-middle,4,3564,4,3565,4,3565,34888
SHA3-256,cap,16384,current,diff-replace-middle,6,18441,0,0,0,0,82336
SHA3-256,cap,16384,radix,diff-replace-middle,8,7129,0,0,0,0,28384
SHA3-256,cap,16384,current,insert-first,134,731802,133,731755,133,731755,6642032
SHA3-256,cap,16384,radix,insert-first,1,393,2,204,2,204,4304
SHA3-256,cap,16384,current,diff-insert-first,267,1463557,0,0,0,0,6953264
SHA3-256,cap,16384,radix,diff-insert-first,2,204,0,0,0,0,1424
SHA3-256,cap,16384,current,get-middle,3,9220,0,0,0,0,21760
SHA3-256,cap,16384,radix,get-middle,4,3564,0,0,0,0,11832
SHA3-256,cap,16384,current,range-one,3,9220,0,0,0,0,21792
SHA3-256,cap,16384,radix,range-one,4,3564,0,0,0,0,12288
SHA3-256,cap,16384,current,range-half,3,5867,0,0,0,0,22080
SHA3-256,cap,16384,radix,range-half,7,6691,0,0,0,0,26856
SHA3-256,cap,65536,current,fresh-build,0,0,531,2927031,531,2927031,14016024
SHA3-256,cap,65536,radix,fresh-build,0,0,4508,3255689,4508,3255689,19750792
SHA3-256,cap,65536,current,delete-first,531,2927031,526,2926582,526,2926582,26548304
SHA3-256,cap,65536,radix,delete-first,5,4564,5,4520,5,4520,44592
SHA3-256,cap,65536,current,diff-delete-first,1057,5853613,0,0,0,0,27483952
SHA3-256,cap,65536,radix,diff-delete-first,10,9084,0,0,0,0,35296
SHA3-256,cap,65536,current,delete-middle,264,1464496,264,1464452,264,1464452,13288696
SHA3-256,cap,65536,radix,delete-middle,5,4564,5,4520,5,4520,44592
SHA3-256,cap,65536,current,diff-delete-middle,528,2928948,0,0,0,0,13651512
SHA3-256,cap,65536,radix,diff-delete-middle,10,9084,0,0,0,0,35296
SHA3-256,cap,65536,current,delete-last,3,8156,3,8112,3,8112,73216
SHA3-256,cap,65536,radix,delete-last,3,3244,3,3200,3,3200,31312
SHA3-256,cap,65536,current,diff-delete-last,6,16268,0,0,0,0,72616
SHA3-256,cap,65536,radix,diff-delete-last,6,6444,0,0,0,0,28456
SHA3-256,cap,65536,current,replace-middle,5,14939,4,9302,3,8157,106176
SHA3-256,cap,65536,radix,replace-middle,5,4564,5,4565,5,4565,44792
SHA3-256,cap,65536,current,diff-replace-middle,6,16313,0,0,0,0,73360
SHA3-256,cap,65536,radix,diff-replace-middle,10,9129,0,0,0,0,35632
SHA3-256,cap,65536,current,insert-first,531,2927031,535,2927389,535,2927389,26558680
SHA3-256,cap,65536,radix,insert-first,1,164,2,204,2,204,3504
SHA3-256,cap,65536,current,diff-insert-first,1066,5854420,0,0,0,0,27488800
SHA3-256,cap,65536,radix,diff-insert-first,2,204,0,0,0,0,1424
SHA3-256,cap,65536,current,get-middle,3,8156,0,0,0,0,18064
SHA3-256,cap,65536,radix,get-middle,5,4564,0,0,0,0,15488
SHA3-256,cap,65536,current,range-one,3,8156,0,0,0,0,18096
SHA3-256,cap,65536,radix,range-one,5,4564,0,0,0,0,16064
SHA3-256,cap,65536,current,range-half,3,7311,0,0,0,0,30720
SHA3-256,cap,65536,radix,range-half,8,7691,0,0,0,0,31616
SHA3-256,ordinary,127,current,fresh-build,0,0,6,6003,6,6003,34296
SHA3-256,ordinary,127,radix,fresh-build,0,0,1,5594,1,5594,26952
SHA3-256,ordinary,127,current,delete-first,3,4621,3,4577,2,1359,44984
SHA3-256,ordinary,127,radix,delete-first,1,5594,1,5550,1,5550,50824
SHA3-256,ordinary,127,current,diff-delete-first,4,2762,0,0,0,0,13576
SHA3-256,ordinary,127,radix,diff-delete-first,2,11144,0,0,0,0,51488
SHA3-256,ordinary,127,current,delete-middle,2,3603,2,3559,2,3559,34864
SHA3-256,ordinary,127,radix,delete-middle,1,5594,1,5550,1,5550,50824
SHA3-256,ordinary,127,current,diff-delete-middle,4,7162,0,0,0,0,32656
SHA3-256,ordinary,127,radix,diff-delete-middle,2,11144,0,0,0,0,51488
SHA3-256,ordinary,127,current,delete-last,2,3603,2,3559,2,3559,34864
SHA3-256,ordinary,127,radix,delete-last,1,5594,1,5550,1,5550,50824
SHA3-256,ordinary,127,current,diff-delete-last,4,7162,0,0,0,0,32656
SHA3-256,ordinary,127,radix,diff-delete-last,2,11144,0,0,0,0,51488
SHA3-256,ordinary,127,current,replace-middle,2,3603,2,3604,2,3604,35072
SHA3-256,ordinary,127,radix,replace-middle,1,5594,1,5595,1,5595,51032
SHA3-256,ordinary,127,current,diff-replace-middle,4,7207,0,0,0,0,32912
SHA3-256,ordinary,127,radix,diff-replace-middle,2,11189,0,0,0,0,51728
SHA3-256,ordinary,127,current,insert-first,3,4621,3,4658,2,1440,45384
SHA3-256,ordinary,127,radix,insert-first,1,5594,1,5635,1,5635,51232
SHA3-256,ordinary,127,current,diff-insert-first,4,2843,0,0,0,0,14072
SHA3-256,ordinary,127,radix,diff-insert-first,2,11229,0,0,0,0,51832
SHA3-256,ordinary,127,current,get-middle,2,3603,0,0,0,0,6760
SHA3-256,ordinary,127,radix,get-middle,1,5594,0,0,0,0,8912
SHA3-256,ordinary,127,current,range-one,2,3603,0,0,0,0,6824
SHA3-256,ordinary,127,radix,range-one,1,5594,0,0,0,0,9008
SHA3-256,ordinary,127,current,range-half,3,4181,0,0,0,0,14832
SHA3-256,ordinary,127,radix,range-half,1,5594,0,0,0,0,18584
SHA3-256,ordinary,128,current,fresh-build,0,0,6,6047,6,6047,34952
SHA3-256,ordinary,128,radix,fresh-build,0,0,1,5638,1,5638,27152
SHA3-256,ordinary,128,current,delete-first,3,4665,3,4621,2,1359,46264
SHA3-256,ordinary,128,radix,delete-first,1,5638,1,5594,1,5594,51200
SHA3-256,ordinary,128,current,diff-delete-first,4,2762,0,0,0,0,13576
SHA3-256,ordinary,128,radix,diff-delete-first,2,11232,0,0,0,0,51832
SHA3-256,ordinary,128,current,delete-middle,2,3647,2,3603,2,3603,35696
SHA3-256,ordinary,128,radix,delete-middle,1,5638,1,5594,1,5594,51200
SHA3-256,ordinary,128,current,diff-delete-middle,4,7250,0,0,0,0,33472
SHA3-256,ordinary,128,radix,diff-delete-middle,2,11232,0,0,0,0,51832
SHA3-256,ordinary,128,current,delete-last,2,3647,2,3603,2,3603,35696
SHA3-256,ordinary,128,radix,delete-last,1,5638,1,5594,1,5594,51200
SHA3-256,ordinary,128,current,diff-delete-last,4,7250,0,0,0,0,33472
SHA3-256,ordinary,128,radix,diff-delete-last,2,11232,0,0,0,0,51832
SHA3-256,ordinary,128,current,replace-middle,2,3647,2,3648,2,3648,36352
SHA3-256,ordinary,128,radix,replace-middle,1,5638,1,5639,1,5639,51400
SHA3-256,ordinary,128,current,diff-replace-middle,4,7295,0,0,0,0,34160
SHA3-256,ordinary,128,radix,diff-replace-middle,2,11277,0,0,0,0,52064
SHA3-256,ordinary,128,current,insert-first,3,4665,3,4702,2,1440,46664
SHA3-256,ordinary,128,radix,insert-first,1,5638,3,5842,2,204,54280
SHA3-256,ordinary,128,current,diff-insert-first,4,2843,0,0,0,0,14072
SHA3-256,ordinary,128,radix,diff-insert-first,2,204,0,0,0,0,1424
SHA3-256,ordinary,128,current,get-middle,2,3647,0,0,0,0,6824
SHA3-256,ordinary,128,radix,get-middle,1,5638,0,0,0,0,8976
SHA3-256,ordinary,128,current,range-one,2,3647,0,0,0,0,6888
SHA3-256,ordinary,128,radix,range-one,1,5638,0,0,0,0,9072
SHA3-256,ordinary,128,current,range-half,3,4225,0,0,0,0,14896
SHA3-256,ordinary,128,radix,range-half,1,5638,0,0,0,0,18648
SHA3-256,ordinary,129,current,fresh-build,0,0,6,6091,6,6091,35160
SHA3-256,ordinary,129,radix,fresh-build,0,0,10,6429,10,6429,39592
SHA3-256,ordinary,129,current,delete-first,3,4709,3,4665,2,1359,46648
SHA3-256,ordinary,129,radix,delete-first,11,7051,2,6260,2,6260,62392
SHA3-256,ordinary,129,current,diff-delete-first,4,2762,0,0,0,0,13576
SHA3-256,ordinary,129,radix,diff-delete-first,11,12067,0,0,0,0,54280
SHA3-256,ordinary,129,current,delete-middle,2,3691,2,3647,2,3647,36528
SHA3-256,ordinary,129,radix,delete-middle,11,7095,2,6304,2,6304,62776
SHA3-256,ordinary,129,current,diff-delete-middle,4,7338,0,0,0,0,34288
SHA3-256,ordinary,129,radix,diff-delete-middle,11,12067,0,0,0,0,54280
SHA3-256,ordinary,129,current,delete-last,2,3691,2,3647,2,3647,36528
SHA3-256,ordinary,129,radix,delete-last,11,6479,2,5688,2,5688,57432
SHA3-256,ordinary,129,current,diff-delete-last,4,7338,0,0,0,0,34288
SHA3-256,ordinary,129,radix,diff-delete-last,11,12067,0,0,0,0,54280
SHA3-256,ordinary,129,current,replace-middle,2,3691,2,3692,2,3692,36736
SHA3-256,ordinary,129,radix,replace-middle,2,1409,2,1410,2,1410,14216
SHA3-256,ordinary,129,current,diff-replace-middle,4,7383,0,0,0,0,34544
SHA3-256,ordinary,129,radix,diff-replace-middle,4,2819,0,0,0,0,12176
SHA3-256,ordinary,129,current,insert-first,3,4709,4,4823,3,1517,48368
SHA3-256,ordinary,129,radix,insert-first,1,699,2,204,2,204,5360
SHA3-256,ordinary,129,current,diff-insert-first,5,2920,0,0,0,0,15016
SHA3-256,ordinary,129,radix,diff-insert-first,2,204,0,0,0,0,1424
SHA3-256,ordinary,129,current,get-middle,2,3691,0,0,0,0,6896
SHA3-256,ordinary,129,radix,get-middle,2,1409,0,0,0,0,3976
SHA3-256,ordinary,129,current,range-one,2,3691,0,0,0,0,6960
SHA3-256,ordinary,129,radix,range-one,2,1409,0,0,0,0,4192
SHA3-256,ordinary,129,current,range-half,3,4269,0,0,0,0,14968
SHA3-256,ordinary,129,radix,range-half,3,2119,0,0,0,0,8032
SHA3-256,ordinary,255,current,fresh-build,0,0,7,11717,7,11717,62728
SHA3-256,ordinary,255,radix,fresh-build,0,0,17,12547,17,12547,75608
SHA3-256,ordinary,255,current,delete-first,3,4917,3,4873,2,1435,48176
SHA3-256,ordinary,255,radix,delete-first,2,1897,2,1853,2,1853,18440
SHA3-256,ordinary,255,current,diff-delete-first,4,2914,0,0,0,0,14184
SHA3-256,ordinary,255,radix,diff-delete-first,4,3750,0,0,0,0,15072
SHA3-256,ordinary,255,current,delete-middle,3,9317,3,9273,2,5835,88104
SHA3-256,ordinary,255,radix,delete-middle,2,1941,2,1897,2,1897,18920
SHA3-256,ordinary,255,current,diff-delete-middle,4,11714,0,0,0,0,53520
SHA3-256,ordinary,255,radix,diff-delete-middle,4,3838,0,0,0,0,15520
SHA3-256,ordinary,255,current,delete-last,2,3899,2,3855,2,3855,38064
SHA3-256,ordinary,255,radix,delete-last,2,1941,2,1897,2,1897,18920
SHA3-256,ordinary,255,current,diff-delete-last,4,7754,0,0,0,0,35944
SHA3-256,ordinary,255,radix,diff-delete-last,4,3838,0,0,0,0,15200
SHA3-256,ordinary,255,current,replace-middle,3,9317,3,9318,2,5880,88312
SHA3-256,ordinary,255,radix,replace-middle,2,1941,2,1942,2,1942,19120
SHA3-256,ordinary,255,current,diff-replace-middle,4,11759,0,0,0,0,53776
SHA3-256,ordinary,255,radix,diff-replace-middle,4,3883,0,0,0,0,15856
SHA3-256,ordinary,255,current,insert-first,3,4917,3,4954,2,1516,48584
SHA3-256,ordinary,255,radix,insert-first,1,1231,2,204,2,204,7200
SHA3-256,ordinary,255,current,diff-insert-first,4,2995,0,0,0,0,14688
SHA3-256,ordinary,255,radix,diff-insert-first,2,204,0,0,0,0,1424
SHA3-256,ordinary,255,current,get-middle,2,5879,0,0,0,0,10416
SHA3-256,ordinary,255,radix,get-middle,2,1941,0,0,0,0,5816
SHA3-256,ordinary,255,current,range-one,2,5879,0,0,0,0,10480
SHA3-256,ordinary,255,radix,range-one,2,1941,0,0,0,0,6032
SHA3-256,ordinary,255,current,range-half,3,9317,0,0,0,0,35240
SHA3-256,ordinary,255,radix,range-half,1,1231,0,0,0,0,5024
SHA3-256,ordinary,256,current,fresh-build,0,0,7,11761,7,11761,62936
SHA3-256,ordinary,256,radix,fresh-build,0,0,19,12763,19,12763,78552
SHA3-256,ordinary,256,current,delete-first,3,4961,3,4917,2,1435,48560
SHA3-256,ordinary,256,radix,delete-first,3,2063,3,2019,3,2019,20768
SHA3-256,ordinary,256,current,diff-delete-first,4,2914,0,0,0,0,14184
SHA3-256,ordinary,256,radix,diff-delete-first,6,4082,0,0,0,0,16528
SHA3-256,ordinary,256,current,delete-middle,3,9361,3,9317,2,5835,88488
SHA3-256,ordinary,256,radix,delete-middle,3,2107,3,2063,3,2063,21248
SHA3-256,ordinary,256,current,diff-delete-middle,4,11714,0,0,0,0,53520
SHA3-256,ordinary,256,radix,diff-delete-middle,6,4170,0,0,0,0,16976
SHA3-256,ordinary,256,current,delete-last,2,3943,2,3899,2,3899,38440
SHA3-256,ordinary,256,radix,delete-last,2,216,0,0,0,0,1216
SHA3-256,ordinary,256,current,diff-delete-last,4,7842,0,0,0,0,36304
SHA3-256,ordinary,256,radix,diff-delete-last,2,216,0,0,0,0,1456
SHA3-256,ordinary,256,current,replace-middle,3,9361,3,9362,2,5880,88696
SHA3-256,ordinary,256,radix,replace-middle,3,2107,3,2108,3,2108,21448
SHA3-256,ordinary,256,current,diff-replace-middle,4,11759,0,0,0,0,53776
SHA3-256,ordinary,256,radix,diff-replace-middle,6,4215,0,0,0,0,17312
SHA3-256,ordinary,256,current,insert-first,3,4961,3,4998,2,1516,48968
SHA3-256,ordinary,256,radix,insert-first,1,166,2,204,2,204,3504
SHA3-256,ordinary,256,current,diff-insert-first,4,2995,0,0,0,0,14688
SHA3-256,ordinary,256,radix,diff-insert-first,2,204,0,0,0,0,1424
SHA3-256,ordinary,256,current,get-middle,2,5879,0,0,0,0,10416
SHA3-256,ordinary,256,radix,get-middle,3,2107,0,0,0,0,6576
SHA3-256,ordinary,256,current,range-one,2,5879,0,0,0,0,10480
SHA3-256,ordinary,256,radix,range-one,3,2107,0,0,0,0,6912
SHA3-256,ordinary,256,current,range-half,3,9361,0,0,0,0,35312
SHA3-256,ordinary,256,radix,range-half,4,2817,0,0,0,0,11008
SHA3-256,ordinary,257,current,fresh-build,0,0,7,11805,7,11805,63136
SHA3-256,ordinary,257,radix,fresh-build,0,0,19,12807,19,12807,78752
SHA3-256,ordinary,257,current,delete-first,3,5005,3,4961,2,1435,48928
SHA3-256,ordinary,257,radix,delete-first,3,2063,3,2019,3,2019,20768
SHA3-256,ordinary,257,current,diff-delete-first,4,2914,0,0,0,0,14184
SHA3-256,ordinary,257,radix,diff-delete-first,6,4082,0,0,0,0,16528
SHA3-256,ordinary,257,current,delete-middle,3,9405,3,9361,2,5835,88856
SHA3-256,ordinary,257,radix,delete-middle,3,2107,3,2063,3,2063,21248
SHA3-256,ordinary,257,current,diff-delete-middle,4,11714,0,0,0,0,53520
SHA3-256,ordinary,257,radix,diff-delete-middle,6,4170,0,0,0,0,16976
SHA3-256,ordinary,257,current,delete-last,2,3987,2,3943,2,3943,38816
SHA3-256,ordinary,257,radix,delete-last,2,260,2,216,2,216,4128
SHA3-256,ordinary,257,current,diff-delete-last,4,7930,0,0,0,0,36664
SHA3-256,ordinary,257,radix,diff-delete-last,4,476,0,0,0,0,2728
SHA3-256,ordinary,257,current,replace-middle,3,9405,3,9406,2,5880,89064
SHA3-256,ordinary,257,radix,replace-middle,3,2107,3,2108,3,2108,21448
SHA3-256,ordinary,257,current,diff-replace-middle,4,11759,0,0,0,0,53776
SHA3-256,ordinary,257,radix,diff-replace-middle,6,4215,0,0,0,0,17312
SHA3-256,ordinary,257,current,insert-first,3,5005,3,5042,2,1516,49336
SHA3-256,ordinary,257,radix,insert-first,1,166,2,204,2,204,3504
SHA3-256,ordinary,257,current,diff-insert-first,4,2995,0,0,0,0,14688
SHA3-256,ordinary,257,radix,diff-insert-first,2,204,0,0,0,0,1424
SHA3-256,ordinary,257,current,get-middle,2,5879,0,0,0,0,10416
SHA3-256,ordinary,257,radix,get-middle,3,2107,0,0,0,0,6576
SHA3-256,ordinary,257,current,range-one,2,5879,0,0,0,0,10480
SHA3-256,ordinary,257,radix,range-one,3,2107,0,0,0,0,6912
SHA3-256,ordinary,257,current,range-half,3,9405,0,0,0,0,35376
SHA3-256,ordinary,257,radix,range-half,4,2817,0,0,0,0,11008
SHA3-256,prefix-64,4096,current,fresh-build,0,0,136,462078,136,462078,2095992
SHA3-256,prefix-64,4096,radix,fresh-build,0,0,275,484841,275,484841,2416328
SHA3-256,prefix-64,4096,current,delete-first,4,8641,3,3208,3,3208,41736
SHA3-256,prefix-64,4096,radix,delete-first,4,6812,4,6704,4,6704,56328
SHA3-256,prefix-64,4096,current,diff-delete-first,6,6524,0,0,0,0,22272
SHA3-256,prefix-64,4096,radix,diff-delete-first,8,13516,0,0,0,0,39952
SHA3-256,prefix-64,4096,current,delete-middle,4,15601,3,10168,3,10168,90936
SHA3-256,prefix-64,4096,radix,delete-middle,4,6920,4,6812,4,6812,57192
SHA3-256,prefix-64,4096,current,diff-delete-middle,6,20444,0,0,0,0,64632
SHA3-256,prefix-64,4096,radix,diff-delete-middle,8,13732,0,0,0,0,40656
SHA3-256,prefix-64,4096,current,delete-last,3,8088,3,7980,3,7980,57888
SHA3-256,prefix-64,4096,radix,delete-last,2,535,0,0,0,0,1856
SHA3-256,prefix-64,4096,current,diff-delete-last,6,16068,0,0,0,0,52000
SHA3-256,prefix-64,4096,radix,diff-delete-last,2,535,0,0,0,0,2096
SHA3-256,prefix-64,4096,current,replace-middle,4,15601,3,10277,3,10277,91392
SHA3-256,prefix-64,4096,radix,replace-middle,4,6920,4,6921,4,6921,57648
SHA3-256,prefix-64,4096,current,diff-replace-middle,6,20553,0,0,0,0,64992
SHA3-256,prefix-64,4096,radix,diff-replace-middle,8,13841,0,0,0,0,41120
SHA3-256,prefix-64,4096,current,insert-first,4,8641,3,3221,3,3221,42552
SHA3-256,prefix-64,4096,radix,insert-first,1,421,2,268,2,268,4080
SHA3-256,prefix-64,4096,current,diff-insert-first,6,6537,0,0,0,0,22576
SHA3-256,prefix-64,4096,radix,diff-insert-first,2,268,0,0,0,0,1552
SHA3-256,prefix-64,4096,current,get-middle,3,10276,0,0,0,0,23056
SHA3-256,prefix-64,4096,radix,get-middle,4,6920,0,0,0,0,18264
SHA3-256,prefix-64,4096,current,range-one,3,10276,0,0,0,0,23024
SHA3-256,prefix-64,4096,radix,range-one,4,6920,0,0,0,0,18656
SHA3-256,prefix-64,4096,current,range-half,5,18939,0,0,0,0,49520
SHA3-256,prefix-64,4096,radix,range-half,6,11037,0,0,0,0,32640
SHA3-256,prefix-512,4096,current,fresh-build,0,0,134,2356378,134,2356378,8973312
SHA3-256,prefix-512,4096,radix,fresh-build,0,0,275,2458729,275,2458729,9748936
SHA3-256,prefix-512,4096,current,delete-first,6,87488,5,86339,3,32004,515488
SHA3-256,prefix-512,4096,radix,delete-first,4,31452,4,30896,4,30896,202344
SHA3-256,prefix-512,4096,current,diff-delete-first,7,65157,0,0,0,0,151448
SHA3-256,prefix-512,4096,radix,diff-delete-first,8,62348,0,0,0,0,137616
SHA3-256,prefix-512,4096,current,delete-middle,6,101752,5,100603,3,46268,599872
SHA3-256,prefix-512,4096,radix,delete-middle,4,32008,4,31452,4,31452,205704
SHA3-256,prefix-512,4096,current,diff-delete-middle,7,93685,0,0,0,0,212472
SHA3-256,prefix-512,4096,radix,diff-delete-middle,8,63460,0,0,0,0,140112
SHA3-256,prefix-512,4096,current,delete-last,4,57285,3,56136,3,56136,337080
SHA3-256,prefix-512,4096,radix,delete-last,2,2775,0,0,0,0,6336
SHA3-256,prefix-512,4096,current,diff-delete-last,7,113421,0,0,0,0,255816
SHA3-256,prefix-512,4096,radix,diff-delete-last,2,2775,0,0,0,0,6576
SHA3-256,prefix-512,4096,current,replace-middle,6,101752,5,101160,3,46825,601928
SHA3-256,prefix-512,4096,radix,replace-middle,4,32008,4,32009,4,32009,207760
SHA3-256,prefix-512,4096,current,diff-replace-middle,7,94242,0,0,0,0,213728
SHA3-256,prefix-512,4096,radix,diff-replace-middle,8,64017,0,0,0,0,141472
SHA3-256,prefix-512,4096,current,insert-first,6,87488,6,85981,4,31646,519384
SHA3-256,prefix-512,4096,radix,insert-first,1,2213,2,716,2,716,8800
SHA3-256,prefix-512,4096,current,diff-insert-first,8,64799,0,0,0,0,151192
SHA3-256,prefix-512,4096,radix,diff-insert-first,2,716,0,0,0,0,2448
SHA3-256,prefix-512,4096,current,get-middle,4,47417,0,0,0,0,99616
SHA3-256,prefix-512,4096,radix,get-middle,4,32008,0,0,0,0,68888
SHA3-256,prefix-512,4096,current,range-one,4,47417,0,0,0,0,99104
SHA3-256,prefix-512,4096,radix,range-one,4,32008,0,0,0,0,68832
SHA3-256,prefix-512,4096,current,range-half,6,89712,0,0,0,0,197808
SHA3-256,prefix-512,4096,radix,range-half,6,51357,0,0,0,0,113280
SHA3-256,prefix-4096,4096,current,fresh-build,0,0,150,17579962,150,17579962,70701864
SHA3-256,prefix-4096,4096,radix,fresh-build,0,0,275,18249833,275,18249833,90071864
SHA3-256,prefix-4096,4096,current,delete-first,5,290947,5,286807,3,265968,1728856
SHA3-256,prefix-4096,4096,radix,delete-first,4,228572,4,224432,4,224432,1413952
SHA3-256,prefix-4096,4096,current,diff-delete-first,6,536076,0,0,0,0,1092752
SHA3-256,prefix-4096,4096,radix,diff-delete-first,8,453004,0,0,0,0,918928
SHA3-256,prefix-4096,4096,current,delete-middle,5,203783,6,203820,4,182981,1263320
SHA3-256,prefix-4096,4096,radix,delete-middle,4,232712,4,228572,4,228572,1426720
SHA3-256,prefix-4096,4096,current,diff-delete-middle,7,365925,0,0,0,0,747128
SHA3-256,prefix-4096,4096,radix,diff-delete-middle,8,461284,0,0,0,0,935760
SHA3-256,prefix-4096,4096,current,delete-last,3,41704,2,33386,2,33386,214696
SHA3-256,prefix-4096,4096,radix,delete-last,2,20695,0,0,0,0,42176
SHA3-256,prefix-4096,4096,current,diff-delete-last,5,75090,0,0,0,0,155032
SHA3-256,prefix-4096,4096,radix,diff-delete-last,2,20695,0,0,0,0,42416
SHA3-256,prefix-4096,4096,current,replace-middle,5,203783,5,203784,3,182945,1257992
SHA3-256,prefix-4096,4096,radix,replace-middle,4,232712,4,232713,4,232713,1562552
SHA3-256,prefix-4096,4096,current,diff-replace-middle,6,365889,0,0,0,0,746464
SHA3-256,prefix-4096,4096,radix,diff-replace-middle,8,465425,0,0,0,0,944288
SHA3-256,prefix-4096,4096,current,insert-first,5,290947,5,282788,3,261949,1716632
SHA3-256,prefix-4096,4096,radix,insert-first,1,16549,2,4300,2,4300,44640
SHA3-256,prefix-4096,4096,current,diff-insert-first,6,532057,0,0,0,0,1085104
SHA3-256,prefix-4096,4096,radix,diff-insert-first,2,4300,0,0,0,0,9616
SHA3-256,prefix-4096,4096,current,get-middle,3,182944,0,0,0,0,372896
SHA3-256,prefix-4096,4096,radix,get-middle,4,232712,0,0,0,0,473880
SHA3-256,prefix-4096,4096,current,range-one,3,182944,0,0,0,0,368832
SHA3-256,prefix-4096,4096,radix,range-one,4,232712,0,0,0,0,470240
SHA3-256,prefix-4096,4096,current,range-half,5,657347,0,0,0,0,1335112
SHA3-256,prefix-4096,4096,radix,range-half,6,373917,0,0,0,0,758400
SHA3-256,payload-256,4096,current,fresh-build,0,0,131,1239461,131,1239461,4454520
SHA3-256,payload-256,4096,radix,fresh-build,0,0,275,1251433,275,1251433,4738344
SHA3-256,payload-256,4096,current,delete-first,5,15359,5,15059,3,7984,102480
SHA3-256,payload-256,4096,radix,delete-first,4,7132,4,6832,4,6832,52184
SHA3-256,payload-256,4096,current,diff-delete-first,6,16268,0,0,0,0,45784
SHA3-256,payload-256,4096,radix,diff-delete-first,8,13964,0,0,0,0,40848
SHA3-256,payload-256,4096,current,delete-middle,4,32290,4,31990,3,31684,199760
SHA3-256,payload-256,4096,radix,delete-middle,4,7432,4,7132,4,7132,54008
SHA3-256,payload-256,4096,current,diff-delete-middle,6,63668,0,0,0,0,180144
SHA3-256,payload-256,4096,radix,diff-delete-middle,8,14564,0,0,0,0,42320
SHA3-256,payload-256,4096,current,delete-last,3,7384,2,7002,2,7002,51792
SHA3-256,payload-256,4096,radix,delete-last,2,471,0,0,0,0,1728
SHA3-256,payload-256,4096,current,diff-delete-last,5,14386,0,0,0,0,60440
SHA3-256,payload-256,4096,radix,diff-delete-last,2,471,0,0,0,0,1968
SHA3-256,payload-256,4096,current,replace-middle,4,32290,4,32035,3,31729,200544
SHA3-256,payload-256,4096,radix,replace-middle,4,7432,4,7177,4,7177,54784
SHA3-256,payload-256,4096,current,diff-replace-middle,6,63713,0,0,0,0,180400
SHA3-256,payload-256,4096,radix,diff-replace-middle,8,14609,0,0,0,0,42656
SHA3-256,payload-256,4096,current,insert-first,5,15359,5,15392,3,8317,104448
SHA3-256,payload-256,4096,radix,insert-first,1,165,2,204,2,204,3504
SHA3-256,payload-256,4096,current,diff-insert-first,6,16601,0,0,0,0,46792
SHA3-256,payload-256,4096,radix,diff-insert-first,2,204,0,0,0,0,1424
SHA3-256,payload-256,4096,current,get-middle,3,31984,0,0,0,0,52352
SHA3-256,payload-256,4096,radix,get-middle,4,7432,0,0,0,0,15384
SHA3-256,payload-256,4096,current,range-one,3,31984,0,0,0,0,52128
SHA3-256,payload-256,4096,radix,range-one,4,7432,0,0,0,0,15584
SHA3-256,payload-256,4096,current,range-half,5,52267,0,0,0,0,95616
SHA3-256,payload-256,4096,radix,range-half,6,13469,0,0,0,0,29312
SHA3-256,payload-1024,4096,current,fresh-build,0,0,134,4385432,134,4385432,17143120
SHA3-256,payload-1024,4096,radix,fresh-build,0,0,275,4397161,275,4397161,17721120
SHA3-256,payload-1024,4096,current,delete-first,5,29839,5,28771,3,25716,183040
SHA3-256,payload-1024,4096,radix,delete-first,4,18652,4,17584,4,17584,119800
SHA3-256,payload-1024,4096,current,diff-delete-first,6,52500,0,0,0,0,121992
SHA3-256,payload-1024,4096,radix,diff-delete-first,8,36236,0,0,0,0,85392
SHA3-256,payload-1024,4096,current,delete-middle,5,96275,5,95207,3,92152,580880
SHA3-256,payload-1024,4096,radix,delete-middle,4,19720,4,18652,4,18652,126232
SHA3-256,payload-1024,4096,current,diff-delete-middle,6,185372,0,0,0,0,411632
SHA3-256,payload-1024,4096,radix,diff-delete-middle,8,38372,0,0,0,0,89936
SHA3-256,payload-1024,4096,current,delete-last,3,3592,2,2442,2,2442,22352
SHA3-256,payload-1024,4096,radix,delete-last,2,1239,0,0,0,0,3264
SHA3-256,payload-1024,4096,current,diff-delete-last,5,6034,0,0,0,0,24504
SHA3-256,payload-1024,4096,radix,diff-delete-last,2,1239,0,0,0,0,3504
SHA3-256,payload-1024,4096,current,replace-middle,5,96275,5,95252,3,92197,583968
SHA3-256,payload-1024,4096,radix,replace-middle,4,19720,4,18697,4,18697,129312
SHA3-256,payload-1024,4096,current,diff-replace-middle,6,185417,0,0,0,0,411888
SHA3-256,payload-1024,4096,radix,diff-replace-middle,8,38417,0,0,0,0,90272
SHA3-256,payload-1024,4096,current,insert-first,5,29839,5,29872,3,26817,190376
SHA3-256,payload-1024,4096,radix,insert-first,1,165,2,204,2,204,3504
SHA3-256,payload-1024,4096,current,diff-insert-first,6,53601,0,0,0,0,124528
SHA3-256,payload-1024,4096,radix,diff-insert-first,2,204,0,0,0,0,1424
SHA3-256,payload-1024,4096,current,get-middle,3,93220,0,0,0,0,108160
SHA3-256,payload-1024,4096,radix,get-middle,4,19720,0,0,0,0,28440
SHA3-256,payload-1024,4096,current,range-one,3,93220,0,0,0,0,107168
SHA3-256,payload-1024,4096,radix,range-one,4,19720,0,0,0,0,27872
SHA3-256,payload-1024,4096,current,range-half,5,156635,0,0,0,0,178992
SHA3-256,payload-1024,4096,radix,range-half,6,38045,0,0,0,0,53888
SHA3-256,payload-4096,4096,current,fresh-build,0,0,131,16968101,131,16968101,66984968
SHA3-256,payload-4096,4096,radix,fresh-build,0,0,275,16980073,275,16980073,50931296
SHA3-256,payload-4096,4096,current,delete-first,5,105087,5,100947,3,95124,623368
SHA3-256,payload-4096,4096,radix,delete-first,4,64732,4,60592,4,60592,341280
SHA3-256,payload-4096,4096,current,diff-delete-first,6,194388,0,0,0,0,414984
SHA3-256,payload-4096,4096,radix,diff-delete-first,8,125324,0,0,0,0,263568
SHA3-256,payload-4096,4096,current,delete-middle,5,353335,5,349195,3,343372,2110088
SHA3-256,payload-4096,4096,radix,delete-middle,4,68872,4,64732,4,64732,354048
SHA3-256,payload-4096,4096,current,diff-delete-middle,6,690884,0,0,0,0,1419744
SHA3-256,payload-4096,4096,radix,diff-delete-middle,8,133604,0,0,0,0,280400
SHA3-256,payload-4096,4096,current,delete-last,3,6132,2,1910,2,1910,24832
SHA3-256,payload-4096,4096,radix,delete-last,2,4311,0,0,0,0,9408
SHA3-256,payload-4096,4096,current,diff-delete-last,5,8042,0,0,0,0,26184
SHA3-256,payload-4096,4096,radix,diff-delete-last,2,4311,0,0,0,0,9648
SHA3-256,payload-4096,4096,current,replace-middle,5,353335,6,349321,4,343498,2123560
SHA3-256,payload-4096,4096,radix,replace-middle,4,68872,4,64777,4,64777,354248
SHA3-256,payload-4096,4096,current,diff-replace-middle,7,691010,0,0,0,0,1420480
SHA3-256,payload-4096,4096,radix,diff-replace-middle,8,133649,0,0,0,0,280736
SHA3-256,payload-4096,4096,current,insert-first,5,105087,5,105120,3,99297,652208
SHA3-256,payload-4096,4096,radix,insert-first,1,165,2,204,2,204,3504
SHA3-256,payload-4096,4096,current,diff-insert-first,6,198561,0,0,0,0,423664
SHA3-256,payload-4096,4096,radix,diff-insert-first,2,204,0,0,0,0,1424
SHA3-256,payload-4096,4096,current,get-middle,3,347512,0,0,0,0,363824
SHA3-256,payload-4096,4096,radix,get-middle,4,68872,0,0,0,0,80664
SHA3-256,payload-4096,4096,current,range-one,3,347512,0,0,0,0,359760
SHA3-256,payload-4096,4096,radix,range-one,4,68872,0,0,0,0,77024
SHA3-256,payload-4096,4096,current,range-half,5,607927,0,0,0,0,648016
SHA3-256,payload-4096,4096,radix,range-half,6,136349,0,0,0,0,152192
SHA3-256,chain,256,current,fresh-build,0,0,11,45513,11,45513,178896
SHA3-256,chain,256,radix,fresh-build,0,0,257,120902,257,120902,760600
SHA3-256,chain,256,current,delete-first,5,21607,5,21309,3,18285,142800
SHA3-256,chain,256,radix,delete-first,131,136402,129,135181,129,135181,1029528
SHA3-256,chain,256,current,diff-delete-first,6,36868,0,0,0,0,91368
SHA3-256,chain,256,radix,diff-delete-first,258,212643,0,0,0,0,560536
SHA3-256,chain,256,current,delete-middle,5,15531,4,15158,3,13046,101528
SHA3-256,chain,256,radix,delete-middle,129,77166,127,76200,127,76200,632312
SHA3-256,chain,256,current,diff-delete-middle,7,26465,0,0,0,0,74288
SHA3-256,chain,256,radix,diff-delete-middle,256,153366,0,0,0,0,411064
SHA3-256,chain,256,current,delete-last,3,3584,3,3543,3,3543,29616
SHA3-256,chain,256,radix,delete-last,2,458,0,0,0,0,1704
SHA3-256,chain,256,current,diff-delete-last,6,7127,0,0,0,0,26456
SHA3-256,chain,256,radix,diff-delete-last,2,458,0,0,0,0,1944
SHA3-256,chain,256,current,replace-middle,4,8283,4,8284,3,6172,56832
SHA3-256,chain,256,radix,replace-middle,129,77166,129,77167,129,77167,641952
SHA3-256,chain,256,current,diff-replace-middle,6,12343,0,0,0,0,34864
SHA3-256,chain,256,radix,diff-replace-middle,258,154333,0,0,0,0,413712
SHA3-256,chain,256,current,insert-first,5,21607,5,21136,3,18112,141640
SHA3-256,chain,256,radix,insert-first,1,411,2,456,2,456,4784
SHA3-256,chain,256,current,diff-insert-first,6,36695,0,0,0,0,91208
SHA3-256,chain,256,radix,diff-insert-first,2,456,0,0,0,0,1928
SHA3-256,chain,256,current,get-middle,3,6171,0,0,0,0,13328
SHA3-256,chain,256,radix,get-middle,129,77166,0,0,0,0,209224
SHA3-256,chain,256,current,range-one,3,6171,0,0,0,0,13232
SHA3-256,chain,256,radix,range-one,128,76992,0,0,0,0,223872
SHA3-256,chain,256,current,range-half,5,23361,0,0,0,0,48744
SHA3-256,chain,256,radix,range-half,129,106758,0,0,0,0,294808
SHA3-256,chain,512,current,fresh-build,0,0,20,158974,20,158974,635648
SHA3-256,chain,512,radix,fresh-build,0,0,769,630854,769,630854,3486080
SHA3-256,chain,512,current,delete-first,5,13025,5,12471,3,9447,90760
SHA3-256,chain,512,radix,delete-first,387,601682,385,598925,385,598925,4191136
SHA3-256,chain,512,current,diff-delete-first,6,19448,0,0,0,0,47224
SHA3-256,chain,512,radix,diff-delete-first,770,1076643,0,0,0,0,2495032
SHA3-256,chain,512,current,delete-middle,5,32156,5,31860,3,28836,208472
SHA3-256,chain,512,radix,delete-middle,257,268974,255,267240,255,267240,1935456
SHA3-256,chain,512,current,diff-delete-middle,6,57968,0,0,0,0,140688
SHA3-256,chain,512,radix,diff-delete-middle,512,536214,0,0,0,0,1282680
SHA3-256,chain,512,current,delete-last,3,3840,3,3799,3,3799,30480
SHA3-256,chain,512,radix,delete-last,2,714,0,0,0,0,2216
SHA3-256,chain,512,current,diff-delete-last,6,7639,0,0,0,0,27480
SHA3-256,chain,512,radix,diff-delete-last,2,714,0,0,0,0,2456
SHA3-256,chain,512,current,replace-middle,5,32156,5,32157,3,29133,209504
SHA3-256,chain,512,radix,replace-middle,257,268974,257,268975,257,268975,1943800
SHA3-256,chain,512,current,diff-replace-middle,6,58265,0,0,0,0,141424
SHA3-256,chain,512,radix,diff-replace-middle,514,537949,0,0,0,0,1286864
SHA3-256,chain,512,current,insert-first,5,13025,5,12042,3,9018,82320
SHA3-256,chain,512,radix,insert-first,1,667,2,712,2,712,5712
SHA3-256,chain,512,current,diff-insert-first,6,19019,0,0,0,0,46536
SHA3-256,chain,512,radix,diff-insert-first,2,712,0,0,0,0,2440
SHA3-256,chain,512,current,get-middle,3,29132,0,0,0,0,58952
SHA3-256,chain,512,radix,get-middle,257,268974,0,0,0,0,647496
SHA3-256,chain,512,current,range-one,3,29132,0,0,0,0,58728
SHA3-256,chain,512,radix,range-one,256,268672,0,0,0,0,677120
SHA3-256,chain,512,current,range-half,5,38026,0,0,0,0,86232
SHA3-256,chain,512,radix,range-half,384,476736,0,0,0,0,1179456
SHA3-256,chain,1024,current,fresh-build,0,0,34,585079,34,585079,2255872
SHA3-256,chain,1024,radix,fresh-build,0,0,1793,2830406,1793,2830406,14553120
SHA3-256,chain,1024,current,delete-first,5,59953,5,58887,3,55863,359960
SHA3-256,chain,1024,radix,delete-first,899,2515282,897,2509453,897,2509453,16836160
SHA3-256,chain,1024,current,diff-delete-first,6,112792,0,0,0,0,245888
SHA3-256,chain,1024,radix,diff-delete-first,1794,4770723,0,0,0,0,10303992
SHA3-256,chain,1024,current,delete-middle,5,31796,5,31244,3,28220,190736
SHA3-256,chain,1024,radix,delete-middle,513,996654,511,993384,511,993384,6581216
SHA3-256,chain,1024,current,diff-delete-middle,6,56992,0,0,0,0,129408
SHA3-256,chain,1024,radix,diff-delete-middle,1024,1990038,0,0,0,0,4396568
SHA3-256,chain,1024,current,delete-last,3,4352,3,4311,3,4311,33552
SHA3-256,chain,1024,radix,delete-last,2,1226,0,0,0,0,3240
SHA3-256,chain,1024,current,diff-delete-last,6,8663,0,0,0,0,29528
SHA3-256,chain,1024,radix,diff-delete-last,2,1226,0,0,0,0,3480
SHA3-256,chain,1024,current,replace-middle,5,31796,5,31797,3,28773,192792
SHA3-256,chain,1024,radix,replace-middle,513,996654,513,996655,513,996655,6596464
SHA3-256,chain,1024,current,diff-replace-middle,6,57545,0,0,0,0,130672
SHA3-256,chain,1024,radix,diff-replace-middle,1026,1993309,0,0,0,0,4403824
SHA3-256,chain,1024,current,insert-first,5,59953,5,57946,3,54922,362288
SHA3-256,chain,1024,radix,insert-first,1,1179,2,1224,2,1224,7760
SHA3-256,chain,1024,current,diff-insert-first,6,111851,0,0,0,0,244184
SHA3-256,chain,1024,radix,diff-insert-first,2,1224,0,0,0,0,3464
SHA3-256,chain,1024,current,get-middle,3,28772,0,0,0,0,61392
SHA3-256,chain,1024,radix,get-middle,513,996654,0,0,0,0,2212168
SHA3-256,chain,1024,current,range-one,3,28772,0,0,0,0,60912
SHA3-256,chain,1024,radix,range-one,512,996096,0,0,0,0,2271744
SHA3-256,chain,1024,current,range-half,4,120002,0,0,0,0,257144
SHA3-256,chain,1024,radix,range-half,768,1789056,0,0,0,0,4030144
