digest,domain,root,N,height,key_mean,key_p99,key_max,value_max,hash_cuts,no_hash_run_max,leaf_nodes,cap_only_leaf_nodes,node_bytes,leaf_bytes_max,interior_nodes,interior_cap_nodes,interior_unary_nodes
SHA-256,A,2e4d764aa188d5608df3ac498f6bd04afe91c100b8da12ca5aaa4be3a72428ba,8587,4,101.09,258,498,592,243,207,247,3,1907000,31134,10,0,1
SHA-256,BODIES,0d8d6f036f14fe5c03536ba783d30bdb563ea21790ecbc5bc7d566ad368cf644,335828,5,155.26,195,240,0,10655,295,10835,179,68180115,29463,343,5,14
SHA-256,CI-queries,e789b911ce9444e1eb3ade65f74bc6b999bbb7e3f17dbfe43296de1e532526e7,1994,2,33.64,59,66,32,68,132,70,1,218542,13053,1,0,0
SHA-256,DC,746146a41ccfb160e1aeb8fbb7e04aaced0242176841ca4b4947f5c8c17f2f11,12,2,54.33,70,73,2692,1,6,2,0,5164,3931,1,0,0
SHA-256,DD,c11888d4dda6dabfa67d23f13ae90ac9a80ad243b07d0b06815cc44d5161db1e,32508,4,49.78,104,162,32,959,271,984,24,4087992,19938,35,0,3
SHA-256,DF-all,e19830f3592964ea60ffb1de0cf5d288ac9f5b268eec55fee4bd78a3b9738036,32509,4,49.77,104,162,5444,959,271,984,24,5265437,24546,49,0,2
SHA-256,DS,7d486e1aee672b52a63dd985022becd85adf3a073463c1a5d61842b8d25a457c,837,3,40.99,60,66,32,27,127,28,0,98343,14908,5,0,0
SHA-256,EA,242523e60b0d43dff1f03a8b4aba6329e4c87c59bea106584b3f14c23f83acc6,6081,5,137.58,293,503,0,197,174,203,5,1125928,26520,15,0,3
SHA-256,LOCAL,39c8ec3bde478133f7694eb074f68d5f0d01bf2dc16aab3c561f3acbb2817f32,37297,4,146.64,187,233,0,1182,224,1204,21,7240115,27001,45,0,2
SHA-256,N-binary,fd41b5b4c0a80629add4043db7b0eafa2836495b7d306ca69bd4bbe646c43c37,65861,4,92.00,207,432,0,1993,261,2021,27,9050502,23393,77,1,1
SHA-256,N-source,3a938fb2e9322465b7f1c79e46f6a1e8f9efd5f24b6c28eb0c77e9dffec0ff7b,3023,4,96.17,262,445,0,91,155,93,1,428464,18611,6,0,2
SHA-256,O-binary,e4a3fa80cae67aab2d4b565211708b2ca97efef9667768bb8567ddf980a58cd5,6705,3,42.62,81,108,0,187,207,198,10,578791,13779,10,0,0
SHA-256,O-source,fcf7e9b8b9c0400c4e69b50dad889ecb87ae8bd249784e993f6994467397da74,363,2,42.52,60,68,0,16,127,17,0,32010,10210,1,0,0
SHA-256,OUT,a22e48addefd4840a74f2a65ab0f220cfd0ae65d97d71404c631aad0573ce06f,421,3,42.79,60,68,32,16,137,18,1,50726,14376,3,0,1
SHA-256,T-binary,1a0e3903fb02007350a2f5f843adaa4a67edbe71fd83a6777857edfc27f5864a,65861,4,77.39,193,419,12932,2031,260,2071,39,10553165,33848,81,0,2
SHA-256,T-source,6df09dfbd7247f2fd17a6240e2686ae2bc7757a372d8ce2e0c6a2b4376884acd,3023,3,83.17,253,437,1119,94,151,96,1,562342,23954,3,0,0
SHA-256,X-header-slice,5cb88ad77aff0eacfad20443dfa13d3f8334ade690af14f2e777817d5f875535,36511,4,147.67,187,233,0,1156,224,1177,20,7126859,27001,44,0,2
SHA-256,leaf-set,8417625eb001e831eaa19401cb6b145d72143f796e766005a5b598d3ea443559,115,1,32.00,32,32,0,0,115,1,0,8286,8286,0,0,0
SHA3-256,A,3722f6e3f786aaf8066ac95e045820ba7c1711b3ccdef8842be0fa004e5e5ed4,8587,3,101.09,258,498,592,243,207,247,3,1907308,31134,10,0,0
SHA3-256,BODIES,cf640ab020749dcfa11e0745291c5d395b713103c237a8ab4d43f91b453c67b5,335828,4,155.26,195,240,0,10594,344,10773,178,68175643,30824,380,6,14
SHA3-256,CI-queries,fd0b1838f24196efcc56c64477df3887be8b3c84282f0d503e8e28ce09a10d8c,1994,4,33.64,59,66,32,68,132,70,1,218996,13053,5,0,1
SHA3-256,DC,f2e40193e59b3c3d44e4c7b0c0fb363d51c4d0aa67a8205ab7e7e1e2fd4bf70a,12,2,54.33,70,73,2692,1,6,2,0,5164,3931,1,0,0
SHA3-256,DD,0cddaccd070455ee7fc70ec42ae1234ffcca5bb183d37e45eb89da1b7d0e382d,32508,4,49.78,104,162,32,959,271,984,24,4087352,19938,30,0,0
SHA3-256,DF-all,0b7aad4f9d2c50b38745355049294f9ba33f9024d9b5cf225b9e59e7d3738f66,32509,3,49.77,104,162,5444,959,271,984,24,5263183,24546,31,0,2
SHA3-256,DS,5ef9979fecb84c449d2467445725fa4adc6417efa6c1e4d70b8013bf24233b20,837,3,40.99,60,66,32,27,127,28,0,98108,14908,3,0,0
SHA3-256,EA,417738a188c6900b681d7ac21a22aa0e5e869484f53b9425f44dcde856e045a4,6081,3,137.58,293,503,0,197,174,203,5,1124441,26520,7,0,0
SHA3-256,LOCAL,dcdec5b360bf7ae770a367b02c4b95228ffd69f948f0c956f9fd74fcb583fdaa,37297,3,146.64,187,233,0,1174,222,1194,19,7238940,26119,44,1,2
SHA3-256,N-binary,83a1edcdd082ae9bd635c771e7f08b255df8e86449a9c39c837ae96d1a7f14c0,65861,4,92.00,207,432,0,1993,261,2021,27,9047313,23393,58,1,0
SHA3-256,N-source,85536af550c48d2e3d454ab4f548ccc0bb19adbf0aeda944f7228f577ecfe583,3023,3,96.17,262,445,0,91,155,93,1,428380,18611,6,0,0
SHA3-256,O-binary,fb3d983ca9cf7e0c60e828cc6a80a3264b0ad78d6b5245347c049aaa3e268b72,6705,4,42.62,81,108,0,187,207,198,10,578734,13779,9,0,0
SHA3-256,O-source,f0a27955ab2d5c61ad29d9fa935ab1ede1dbe8e52a1bcc3170f0778754631462,363,3,42.52,60,68,0,16,127,17,0,32254,10210,3,0,0
SHA3-256,OUT,958ae06b8d0c602e47bc16ba582f267b19296f6421dc3ca8a5fc52bf1ab9f30c,421,2,42.79,60,68,32,16,137,18,1,50485,14376,1,0,0
SHA3-256,T-binary,a8a57d3715c1a6ba75963038e2b972fd28102169c98922d080083a37dbb00bb2,65861,5,77.39,193,419,12932,2031,260,2071,39,10551892,33848,70,2,3
SHA3-256,T-source,efdd2c4fa1706f7e0c9bd1376c7147a681395cd83efd0159387346d9bca5ed12,3023,3,83.17,253,437,1119,94,151,96,1,562558,23954,5,0,0
SHA3-256,X-header-slice,ae92e1536b421fabdfd1338c911c4686aecbdea2f207ba3f4e3da8c256d8fd5c,36511,3,147.67,187,233,0,1153,222,1171,17,7126022,26119,44,1,2
SHA3-256,leaf-set,1ada400fa41ffa97bb01a7aad40d669344d535334471d1bc34162520a2b4cf9f,115,1,32.00,32,32,0,0,115,1,0,8286,8286,0,0,0
