digest,domain,N,operation,reads,read_bytes,emissions,emitted_bytes,allocated_bytes
SHA-256,A,8587,delete-first,7,23420,7,22867,148064
SHA-256,A,8587,delete-middle,7,40822,8,40821,255616
SHA-256,A,8587,delete-last,4,17376,4,17174,110728
SHA-256,A,8587,replace-middle,7,40822,7,40793,255152
SHA-256,A,8587,get-middle,4,23763,0,0,55600
SHA-256,A,8587,range-half,6,51471,0,0,124480
SHA-256,BODIES,335828,delete-first,9,18991,9,18916,131512
SHA-256,BODIES,335828,delete-middle,8,53805,8,53622,358384
SHA-256,BODIES,335828,delete-last,5,11840,5,11662,83784
SHA-256,BODIES,335828,replace-middle,8,53805,8,53806,358920
SHA-256,BODIES,335828,get-middle,5,44451,0,0,105072
SHA-256,BODIES,335828,range-half,9,60087,0,0,148560
SHA-256,CI-queries,1994,delete-first,3,10007,3,9901,75208
SHA-256,CI-queries,1994,delete-middle,3,17105,3,16988,128152
SHA-256,CI-queries,1994,delete-last,2,8435,2,8342,63512
SHA-256,CI-queries,1994,replace-middle,3,17105,3,17074,128584
SHA-256,CI-queries,1994,get-middle,2,16143,0,0,36160
SHA-256,CI-queries,1994,range-half,3,22746,0,0,58848
SHA-256,DC,12,delete-first,3,5164,3,2452,22408
SHA-256,DC,12,delete-middle,3,5164,1,4720,28312
SHA-256,DC,12,delete-last,2,1233,2,1044,8624
SHA-256,DC,12,replace-middle,3,5164,3,5065,31640
SHA-256,DC,12,get-middle,2,4159,0,0,5520
SHA-256,DC,12,range-half,3,5164,0,0,7680
SHA-256,DD,32508,delete-first,5,26178,3,22961,163528
SHA-256,DD,32508,delete-middle,5,13303,3,10110,83664
SHA-256,DD,32508,delete-last,4,7325,3,7088,53512
SHA-256,DD,32508,replace-middle,5,13303,3,10187,84096
SHA-256,DD,32508,get-middle,4,10353,0,0,26104
SHA-256,DD,32508,range-half,6,33933,0,0,93192
SHA-256,DF-all,32509,delete-first,7,25474,7,25305,157600
SHA-256,DF-all,32509,delete-middle,7,11045,7,10901,79424
SHA-256,DF-all,32509,delete-last,4,2191,4,2053,19288
SHA-256,DF-all,32509,replace-middle,7,11045,7,10978,79856
SHA-256,DF-all,32509,get-middle,4,9436,0,0,21488
SHA-256,DF-all,32509,range-half,6,34555,0,0,88200
SHA-256,DS,837,delete-first,5,19477,5,19348,143056
SHA-256,DS,837,delete-middle,5,17377,5,17268,129328
SHA-256,DS,837,delete-last,3,13764,3,13662,102008
SHA-256,DS,837,replace-middle,5,17377,5,17346,129760
SHA-256,DS,837,get-middle,3,4063,0,0,7712
SHA-256,DS,837,range-half,5,27186,0,0,58496
SHA-256,EA,6081,delete-first,8,31522,7,30943,210896
SHA-256,EA,6081,delete-middle,9,28453,7,27799,199936
SHA-256,EA,6081,delete-last,5,13190,4,12728,95672
SHA-256,EA,6081,replace-middle,9,28453,7,27968,200456
SHA-256,EA,6081,get-middle,5,9220,0,0,22112
SHA-256,EA,6081,range-half,7,37883,0,0,92512
SHA-256,LOCAL,37297,delete-first,7,17213,8,17250,123696
SHA-256,LOCAL,37297,delete-middle,7,29603,7,29417,200008
SHA-256,LOCAL,37297,delete-last,4,9905,4,9727,69536
SHA-256,LOCAL,37297,replace-middle,7,29603,7,29604,200544
SHA-256,LOCAL,37297,get-middle,4,20249,0,0,48000
SHA-256,LOCAL,37297,range-half,7,51093,0,0,131328
SHA-256,N-binary,65861,delete-first,7,23322,7,23191,149200
SHA-256,N-binary,65861,delete-middle,7,32883,7,32785,197448
SHA-256,N-binary,65861,delete-last,4,15323,5,15341,93856
SHA-256,N-binary,65861,replace-middle,7,32883,7,32884,197704
SHA-256,N-binary,65861,get-middle,4,17953,0,0,39936
SHA-256,N-binary,65861,range-half,7,55480,0,0,147176
SHA-256,N-source,3023,delete-first,7,20154,5,19721,121416
SHA-256,N-source,3023,delete-middle,6,33378,6,33268,216392
SHA-256,N-source,3023,delete-last,4,12946,4,12818,81168
SHA-256,N-source,3023,replace-middle,5,29610,5,29611,192096
SHA-256,N-source,3023,get-middle,4,26846,0,0,58568
SHA-256,N-source,3023,range-half,7,38842,0,0,95672
SHA-256,O-binary,6705,delete-first,5,13942,5,13841,96088
SHA-256,O-binary,6705,delete-middle,5,14739,6,14774,105312
SHA-256,O-binary,6705,delete-last,3,7632,3,7562,54312
SHA-256,O-binary,6705,replace-middle,5,14739,5,14740,104616
SHA-256,O-binary,6705,get-middle,3,8056,0,0,17016
SHA-256,O-binary,6705,range-half,5,12636,0,0,35256
SHA-256,O-source,363,delete-first,3,4988,3,4917,35504
SHA-256,O-source,363,delete-middle,3,12342,3,12262,83960
SHA-256,O-source,363,delete-last,2,2132,2,2048,17432
SHA-256,O-source,363,replace-middle,3,12342,3,12343,84200
SHA-256,O-source,363,get-middle,2,12165,0,0,23864
SHA-256,O-source,363,range-half,3,5206,0,0,16464
SHA-256,OUT,421,delete-first,5,7614,6,7646,57920
SHA-256,OUT,421,delete-middle,6,18020,6,17913,133136
SHA-256,OUT,421,delete-last,3,601,3,485,6280
SHA-256,OUT,421,replace-middle,5,16909,5,16878,124944
SHA-256,OUT,421,get-middle,3,16544,0,0,28808
SHA-256,OUT,421,range-half,4,9021,0,0,19248
SHA-256,T-binary,65861,delete-first,7,12026,7,11922,80824
SHA-256,T-binary,65861,delete-middle,7,21845,7,21695,141272
SHA-256,T-binary,65861,delete-last,4,8523,3,8186,53968
SHA-256,T-binary,65861,replace-middle,7,21845,7,21824,141752
SHA-256,T-binary,65861,get-middle,4,14182,0,0,36080
SHA-256,T-binary,65861,range-half,6,18397,0,0,53816
SHA-256,T-source,3023,delete-first,5,27617,5,27628,164792
SHA-256,T-source,3023,delete-middle,4,20299,4,20140,121592
SHA-256,T-source,3023,delete-last,3,12231,3,11767,75224
SHA-256,T-source,3023,replace-middle,4,20299,4,20289,122096
SHA-256,T-source,3023,get-middle,3,18741,0,0,42728
SHA-256,T-source,3023,range-half,5,30553,0,0,73312
SHA-256,X-header-slice,36511,delete-first,8,48411,8,48235,348168
SHA-256,X-header-slice,36511,delete-middle,7,59110,7,58906,416904
SHA-256,X-header-slice,36511,delete-last,4,10018,4,9840,69872
SHA-256,X-header-slice,36511,replace-middle,7,59110,7,59111,417848
SHA-256,X-header-slice,36511,get-middle,4,49756,0,0,113992
SHA-256,X-header-slice,36511,range-half,7,62567,0,0,160584
SHA-256,leaf-set,115,delete-first,1,8286,1,8214,57912
SHA-256,leaf-set,115,delete-middle,1,8286,1,8214,57912
SHA-256,leaf-set,115,delete-last,1,8286,1,8214,57912
SHA-256,leaf-set,115,replace-middle,1,8286,1,8287,58144
SHA-256,leaf-set,115,get-middle,1,8286,0,0,14040
SHA-256,leaf-set,115,range-half,1,8286,0,0,22768
SHA3-256,A,8587,delete-first,5,27293,5,26731,168752
SHA3-256,A,8587,delete-middle,5,45398,5,45244,279648
SHA3-256,A,8587,delete-last,3,18586,3,18384,116832
SHA3-256,A,8587,replace-middle,5,45398,6,45489,281344
SHA3-256,A,8587,get-middle,3,28548,0,0,68032
SHA3-256,A,8587,range-half,5,58653,0,0,144504
SHA3-256,BODIES,335828,delete-first,7,27344,7,27269,194120
SHA3-256,BODIES,335828,delete-middle,8,52677,7,52273,356800
SHA3-256,BODIES,335828,delete-last,4,22129,4,21951,157272
SHA3-256,BODIES,335828,replace-middle,8,52677,7,52457,357336
SHA3-256,BODIES,335828,get-middle,4,33162,0,0,78312
SHA3-256,BODIES,335828,range-half,7,61037,0,0,156784
SHA3-256,CI-queries,1994,delete-first,6,6194,5,5977,47480
SHA3-256,CI-queries,1994,delete-middle,6,15038,5,14801,112784
SHA3-256,CI-queries,1994,delete-last,4,2101,3,1888,15432
SHA3-256,CI-queries,1994,replace-middle,6,15038,5,14887,113216
SHA3-256,CI-queries,1994,get-middle,4,13381,0,0,27728
SHA3-256,CI-queries,1994,range-half,6,22505,0,0,58200
SHA3-256,DC,12,delete-first,3,5164,3,2452,23128
SHA3-256,DC,12,delete-middle,3,5164,1,4720,28552
SHA3-256,DC,12,delete-last,2,1233,2,1044,9104
SHA3-256,DC,12,replace-middle,3,5164,3,5065,32360
SHA3-256,DC,12,get-middle,2,4159,0,0,5520
SHA3-256,DC,12,range-half,3,5164,0,0,7680
SHA3-256,DD,32508,delete-first,7,38251,7,38118,262456
SHA3-256,DD,32508,delete-middle,6,16061,6,15953,118824
SHA3-256,DD,32508,delete-last,4,6893,4,6791,53064
SHA3-256,DD,32508,replace-middle,6,16061,6,16030,119256
SHA3-256,DD,32508,get-middle,4,11917,0,0,30776
SHA3-256,DD,32508,range-half,6,36720,0,0,106608
SHA3-256,DF-all,32509,delete-first,5,27725,5,27557,171784
SHA3-256,DF-all,32509,delete-middle,5,16736,5,16592,118096
SHA3-256,DF-all,32509,delete-last,3,4000,3,3862,31376
SHA3-256,DF-all,32509,replace-middle,5,16736,5,16669,118528
SHA3-256,DF-all,32509,get-middle,3,16299,0,0,41520
SHA3-256,DF-all,32509,range-half,5,34874,0,0,87104
SHA3-256,DS,837,delete-first,5,20883,5,20754,155064
SHA3-256,DS,837,delete-middle,4,18227,4,18118,136096
SHA3-256,DS,837,delete-last,3,14950,3,14848,111040
SHA3-256,DS,837,replace-middle,4,18227,4,18196,136528
SHA3-256,DS,837,get-middle,3,5950,0,0,13392
SHA3-256,DS,837,range-half,4,27067,0,0,58208
SHA3-256,EA,6081,delete-first,5,26129,5,25837,177896
SHA3-256,EA,6081,delete-middle,5,39148,5,38980,277368
SHA3-256,EA,6081,delete-last,3,10605,3,10388,77768
SHA3-256,EA,6081,replace-middle,5,39148,5,39149,277888
SHA3-256,EA,6081,get-middle,3,29913,0,0,73968
SHA3-256,EA,6081,range-half,4,48567,0,0,123656
SHA3-256,LOCAL,37297,delete-first,5,29023,5,28948,208904
SHA3-256,LOCAL,37297,delete-middle,5,35521,5,35335,252624
SHA3-256,LOCAL,37297,delete-last,3,18482,3,18304,131176
SHA3-256,LOCAL,37297,replace-middle,5,35521,5,35522,253544
SHA3-256,LOCAL,37297,get-middle,3,26453,0,0,59696
SHA3-256,LOCAL,37297,range-half,5,52781,0,0,134296
SHA3-256,N-binary,65861,delete-first,7,29433,7,29302,189480
SHA3-256,N-binary,65861,delete-middle,6,19421,6,19323,121448
SHA3-256,N-binary,65861,delete-last,4,9611,4,9488,61168
SHA3-256,N-binary,65861,replace-middle,6,19421,6,19422,121704
SHA3-256,N-binary,65861,get-middle,4,15367,0,0,33232
SHA3-256,N-binary,65861,range-half,7,51550,0,0,129856
SHA3-256,N-source,3023,delete-first,5,9799,6,9920,63712
SHA3-256,N-source,3023,delete-middle,6,32320,6,32210,211144
SHA3-256,N-source,3023,delete-last,3,6874,3,6746,44320
SHA3-256,N-source,3023,replace-middle,5,28552,5,28553,186600
SHA3-256,N-source,3023,get-middle,3,22464,0,0,46840
SHA3-256,N-source,3023,range-half,5,31900,0,0,76616
SHA3-256,O-binary,6705,delete-first,7,13900,7,13790,97064
SHA3-256,O-binary,6705,delete-middle,7,21934,5,21620,156536
SHA3-256,O-binary,6705,delete-last,4,7258,5,7308,53416
SHA3-256,O-binary,6705,replace-middle,7,21934,5,21695,156768
SHA3-256,O-binary,6705,get-middle,4,14911,0,0,37472
SHA3-256,O-binary,6705,range-half,7,19711,0,0,58920
SHA3-256,O-source,363,delete-first,5,5232,5,5170,39496
SHA3-256,O-source,363,delete-middle,5,12586,5,12506,87944
SHA3-256,O-source,363,delete-last,3,1205,3,1121,11952
SHA3-256,O-source,363,replace-middle,5,12586,5,12587,88184
SHA3-256,O-source,363,get-middle,3,11620,0,0,22272
SHA3-256,O-source,363,range-half,4,4661,0,0,14872
SHA3-256,OUT,421,delete-first,3,7373,3,7270,54896
SHA3-256,OUT,421,delete-middle,4,17779,4,17672,131464
SHA3-256,OUT,421,delete-last,2,2292,2,2176,18816
SHA3-256,OUT,421,replace-middle,3,16668,3,16637,123032
SHA3-256,OUT,421,get-middle,2,16427,0,0,28408
SHA3-256,OUT,421,range-half,3,8904,0,0,18848
SHA3-256,T-binary,65861,delete-first,9,20189,9,20097,134264
SHA3-256,T-binary,65861,delete-middle,9,29048,7,28652,185184
SHA3-256,T-binary,65861,delete-last,5,14115,4,13778,90256
SHA3-256,T-binary,65861,replace-middle,9,29048,7,28781,185664
SHA3-256,T-binary,65861,get-middle,5,15174,0,0,38432
SHA3-256,T-binary,65861,range-half,8,34269,0,0,96848
SHA3-256,T-source,3023,delete-first,5,16111,5,16122,98792
SHA3-256,T-source,3023,delete-middle,5,23200,5,23041,141136
SHA3-256,T-source,3023,delete-last,3,4329,3,3865,30224
SHA3-256,T-source,3023,replace-middle,5,23200,5,23190,141640
SHA3-256,T-source,3023,get-middle,3,19360,0,0,44176
SHA3-256,T-source,3023,range-half,4,26353,0,0,61616
SHA3-256,X-header-slice,36511,delete-first,5,24976,5,24788,176016
SHA3-256,X-header-slice,36511,delete-middle,5,33422,5,33218,236672
SHA3-256,X-header-slice,36511,delete-last,3,18595,3,18417,131512
SHA3-256,X-header-slice,36511,replace-middle,5,33422,7,33876,241072
SHA3-256,X-header-slice,36511,get-middle,3,24354,0,0,55744
SHA3-256,X-header-slice,36511,range-half,5,69241,0,0,178288
SHA3-256,leaf-set,115,delete-first,1,8286,1,8214,58152
SHA3-256,leaf-set,115,delete-middle,1,8286,1,8214,58152
SHA3-256,leaf-set,115,delete-last,1,8286,1,8214,58152
SHA3-256,leaf-set,115,replace-middle,1,8286,1,8287,58384
SHA3-256,leaf-set,115,get-middle,1,8286,0,0,14040
SHA3-256,leaf-set,115,range-half,1,8286,0,0,22768
